Id;Titol;Autor;AnyCreacio;Etiquetes;RutaFitxer;Genere;BitrateKbps;EsStereo;DuradaSegons;Narrador;Idioma;Capitols
47;Count of Monte Cristo;Alexandre Dumas;1844;;https://archive.org/compress/count_monte_cristo_0711_librivox/formats=64KBPS MP3&file=/count_monte_cristo_0711_librivox.zip;Misteri;Kbps360;True;178995;Alexandre Dumas;English;128
52;Letters of Two Brides;Honoré de Balzac;1902;EnregistramentEstudi|ExperienciaAuditiva|ProduccioEditorial|LecturaEnCatala|CulturaSonora;https://archive.org/compress/letters_brides_0709_librivox/formats=64KBPS MP3&file=/letters_brides_0709_librivox.zip;Històric;Kbps64;True;32960;Honoré de Balzac;English;57
53;Bleak House;Charles Dickens;1853;InterpretacioVocal|AudioImmersiu|ProduccioEditorial|LecturaEnCatala;https://archive.org/compress/bleak_house_cl_librivox/formats=64KBPS MP3&file=/bleak_house_cl_librivox.zip;Misteri;Kbps360;True;156619;Charles Dickens;English;67
54;Penguin Island;Anatole France;1908;NarracioIntegra|ProduccioEditorial|LecturaEnCatala|EnregistramentEstudi;https://archive.org/compress/penguin_island_ms_librivox/formats=64KBPS MP3&file=/penguin_island_ms_librivox.zip;No-ficció;Kbps192;True;32671;Anatole France;English;62
55;This Side of Paradise;F. Scott Fitzgerald;1920;DissenySonor;https://archive.org/compress/this_side_paradise_librivox/formats=64KBPS MP3&file=/this_side_paradise_librivox.zip;Misteri;Kbps128;True;32184;F. Scott Fitzgerald;English;22
56;Secret Garden;Frances Hodgson Burnett;1909;;https://archive.org/compress/secret_garden_librivox/formats=64KBPS MP3&file=/secret_garden_librivox.zip;Històric;Kbps360;True;32905;Frances Hodgson Burnett;English;27
57;Twenty Years After;Alexandre Dumas;1856;LletrAferit;https://archive.org/compress/twentyyearsafter_0904_librivox/formats=64KBPS MP3&file=/twentyyearsafter_0904_librivox.zip;Ciència-ficció;Kbps360;True;92588;Alexandre Dumas;English;90
59;Adventures of Huckleberry Finn;Mark Twain;1884;VeuNarrativa|DissenySonor|ProduccioEditorial|CulturaSonora|NarracioIntegra;https://archive.org/compress/huck_finn_librivox/formats=64KBPS MP3&file=/huck_finn_librivox.zip;No-ficció;Kbps64;True;38527;Mark Twain;English;47
64;Heart of Darkness;Joseph Conrad;1902;;https://archive.org/compress/heart_of_darkness/formats=64KBPS MP3&file=/heart_of_darkness.zip;Misteri;Kbps128;True;15012;Joseph Conrad;English;6
650000;Odyssey;Homer;1900;LletrAferit;https://archive.org/compress/odyssey_butler_librivox/formats=64KBPS MP3&file=/odyssey_butler_librivox.zip;Ficció;Kbps128;True;40705;Homer;English;24
66000;Märchen (Index aller Märchen);Jacob & Wilhelm Grimm;0;InterpretacioVocal|LecturaEnCatala|LletrAferit|CulturaSonora;;Misteri;Kbps192;True;0;Jacob & Wilhelm Grimm;German;0
67000;Divine Comedy;Dante Alighieri;1321;NarracioIntegra|EnregistramentEstudi|VeuNarrativa|ProduccioEditorial|AudioImmersiu|VeuEnOff;https://archive.org/compress/divine_comedy_librivox/formats=64KBPS MP3&file=/divine_comedy_librivox.zip;Ficció;Kbps192;True;44605;Dante Alighieri;English;19
68;Unbeaten Tracks in Japan;Isabella L. Bird;1878;ProduccioEditorial|AudioImmersiu;https://archive.org/compress/unbeaten_tracks_japan_ava_librivox/formats=64KBPS MP3&file=/unbeaten_tracks_japan_ava_librivox.zip;Biografia;Kbps96;True;46585;Isabella L. Bird;English;58
710000;Canterville Ghost;Oscar Wilde;1906;CulturaSonora|AudioImmersiu|VeuNarrativa|LletrAferit|ProduccioEditorial|VeuEnOff;https://archive.org/compress/canterville_ghost_librivox/formats=64KBPS MP3&file=/canterville_ghost_librivox.zip;No-ficció;Kbps96;True;4988;Oscar Wilde;English;7
73;Fábulas de Esopo, Vol. 1;Aesop;1997;DissenySonor|VeuEnOff|InterpretacioVocal;https://archive.org/compress/fabulas_esopo_01_librivox/formats=64KBPS MP3&file=/fabulas_esopo_01_librivox.zip;Fantasia;Kbps360;True;2497;Aesop;Spanish;30
74000;Mother Goose in Prose;L. Frank Baum;1897;InterpretacioVocal|VeuEnOff;https://archive.org/compress/mother_goose_prose_librivox/formats=64KBPS MP3&file=/mother_goose_prose_librivox.zip;Ciència-ficció;Kbps360;True;17184;L. Frank Baum;English;23
75;Uncle Tom's Cabin;Harriet Beecher Stowe;1852;DissenySonor|ProduccioEditorial|EnregistramentEstudi|InterpretacioVocal|VeuNarrativa|NarracioIntegra;https://archive.org/compress/uncle_toms_cabin_librivox/formats=64KBPS MP3&file=/uncle_toms_cabin_librivox.zip;Fantasia;Kbps128;True;65193;Harriet Beecher Stowe;English;45
76;Truth About Jesus. Is He a Myth?;M. M. Mangasarian;1909;CulturaSonora|LecturaEnCatala|NarracioIntegra|ExperienciaAuditiva|EnregistramentEstudi;https://archive.org/compress/truth_about_jesus_librivox/formats=64KBPS MP3&file=/truth_about_jesus_librivox.zip;Ficció;Kbps128;True;20415;M. M. Mangasarian;English;18
78;Foolish Dictionary;Charles Wayland Towne;1904;LletrAferit|VeuEnOff|CulturaSonora;https://archive.org/compress/foolish_dictionary_librivox/formats=64KBPS MP3&file=/foolish_dictionary_librivox.zip;Ficció;Kbps360;True;6327;Charles Wayland Towne;English;18
79;Ranald Bannerman's Boyhood;George MacDonald;1871;AudioImmersiu|InterpretacioVocal;https://archive.org/compress/ranald_bannermans_boyhood_librivox/formats=64KBPS MP3&file=/ranald_bannermans_boyhood_librivox.zip;Biografia;Kbps360;True;25488;George MacDonald;English;36
80;Fables de La Fontaine, livre 01;Jean de La Fontaine;1802;InterpretacioVocal|AudioImmersiu|CulturaSonora|VeuNarrativa|VeuEnOff;https://archive.org/compress/fables_lafontaine_01_librivox/formats=64KBPS MP3&file=/fables_lafontaine_01_librivox.zip;Ciència-ficció;Kbps192;True;2625;Jean de La Fontaine;French;23
81;Dream Psychology;Sigmund Freud;1920;InterpretacioVocal;https://archive.org/compress/dream_psychology_librivox/formats=64KBPS MP3&file=/dream_psychology_librivox.zip;No-ficció;Kbps128;True;21842;Sigmund Freud;English;10
82;Winnetou I;Karl May;1892;DissenySonor|LletrAferit|VeuNarrativa|LecturaEnCatala;https://archive.org/compress/winnetou1_librivox/formats=64KBPS MP3&file=/winnetou1_librivox.zip;No-ficció;Kbps96;True;60204;Karl May;German;27
83;Vindication of the Rights of Woman;Mary Wollstonecraft;1792;VeuNarrativa|ProduccioEditorial|CulturaSonora|NarracioIntegra;https://archive.org/compress/vindication_woman_librivox/formats=64KBPS MP3&file=/vindication_woman_librivox.zip;Històric;Kbps64;True;35176;Mary Wollstonecraft;English;21
84;Getting of Wisdom;Henry Handel Richardson;1910;LecturaEnCatala;https://archive.org/compress/getting_wisdom_librivox/formats=64KBPS MP3&file=/getting_wisdom_librivox.zip;Fantasia;Kbps96;True;28057;Henry Handel Richardson;English;25
85000;Consolation of Philosophy;Anicius Manlius Severinus Boethius;1900;AudioImmersiu|VeuEnOff;https://archive.org/compress/the_consolation_of_philosophy_librivox/formats=64KBPS MP3&file=/the_consolation_of_philosophy_librivox.zip;Misteri;Kbps64;True;18784;Anicius Manlius Severinus Boethius;English;41
86000;Emma;Jane Austen;1815;ProduccioEditorial|InterpretacioVocal|NarracioIntegra|LletrAferit|VeuEnOff;https://archive.org/compress/emma_solo_librivox/formats=64KBPS MP3&file=/emma_solo_librivox.zip;Misteri;Kbps360;True;64950;Jane Austen;English;55
88;Mrs. Caudle's Curtain Lectures;Douglas William Jerrold;1846;DissenySonor|LecturaEnCatala|InterpretacioVocal|LletrAferit;https://archive.org/compress/mrs_caudles_curtain_lectures_librivox/formats=64KBPS MP3&file=/mrs_caudles_curtain_lectures_librivox.zip;Biografia;Kbps128;True;15706;Douglas William Jerrold;English;38
89000;Fábulas de Esopo, Vol. 2;Aesop;1997;VeuEnOff|DissenySonor|NarracioIntegra|LletrAferit;https://archive.org/compress/fabulas_esopo_02_librivox/formats=64KBPS MP3&file=/fabulas_esopo_02_librivox.zip;Ficció;Kbps128;True;2968;Aesop;Spanish;30
90;Importance of Being Earnest;Oscar Wilde;1899;VeuEnOff|VeuNarrativa|ExperienciaAuditiva|InterpretacioVocal;https://archive.org/compress/being_earnest_librivox/formats=64KBPS MP3&file=/being_earnest_librivox.zip;Biografia;Kbps192;True;8280;Oscar Wilde;English;3
93;Story of a Stuffed Elephant;Laura Lee Hope;1922;LletrAferit;https://archive.org/compress/stuffed_elephant_solo_librivox/formats=64KBPS MP3&file=/stuffed_elephant_solo_librivox.zip;No-ficció;Kbps96;True;7790;Laura Lee Hope;English;10
94;Wind in the Willows;Kenneth Grahame;1908;ExperienciaAuditiva|LecturaEnCatala|InterpretacioVocal;https://archive.org/compress/wind_in_the_willows_collab_librivox/formats=64KBPS MP3&file=/wind_in_the_willows_collab_librivox.zip;Ciència-ficció;Kbps128;True;23407;Kenneth Grahame;English;12
96;Junior Classics Volume 1: Fairy and Wonder Tales;William Allan Neilson;1912;;https://archive.org/compress/junior_classics_vol1_librivox/formats=64KBPS MP3&file=/junior_classics_vol1_librivox.zip;Històric;Kbps64;True;51472;William Allan Neilson;English;117
97;Lord Jim;Joseph Conrad;1900;ProduccioEditorial;https://archive.org/compress/lord_jim_librivox/formats=64KBPS MP3&file=/lord_jim_librivox.zip;No-ficció;Kbps96;True;51917;Joseph Conrad;English;30
99000;Villette;Charlotte Brontë;1853;;https://archive.org/compress/villette_librivox/formats=64KBPS MP3&file=/villette_librivox.zip;Misteri;Kbps360;True;73558;Charlotte Brontë;English;42
100;Narrative of Arthur Gordon Pym of Nantucket;Edgar Allan Poe;1838;;https://archive.org/compress/narrative_gordon_pym_librivox/formats=64KBPS MP3&file=/narrative_gordon_pym_librivox.zip;Biografia;Kbps64;True;22932;Edgar Allan Poe;English;27
104;Merry Adventures of Robin Hood;Howard Pyle;1883;ExperienciaAuditiva|LecturaEnCatala;https://archive.org/compress/merry_adventures_robin_hood_librivox/formats=64KBPS MP3&file=/merry_adventures_robin_hood_librivox.zip;Fantasia;Kbps128;True;39649;Howard Pyle;English;22
105;Wives and Daughters;Elizabeth Cleghorn Gaskell;1866;AudioImmersiu|VeuEnOff|NarracioIntegra;https://archive.org/compress/wives_daughters_0710_librivox/formats=64KBPS MP3&file=/wives_daughters_0710_librivox.zip;Biografia;Kbps192;True;98155;Elizabeth Cleghorn Gaskell;English;61
106;Poems Every Child Should Know;Mary E. Burt;1904;;https://archive.org/compress/poems_every_child_should_know_librivox/formats=64KBPS MP3&file=/poems_every_child_should_know_librivox.zip;Misteri;Kbps64;True;29267;Mary E. Burt;English;81
119;Art of War;Sun Tzu 孙武;1910;VeuEnOff|InterpretacioVocal|DissenySonor;https://archive.org/compress/art_of_war_librivox/formats=64KBPS MP3&file=/art_of_war_librivox.zip;Històric;Kbps360;True;4334;Sun Tzu 孙武;English;7
120;Three Musketeers;Alexandre Dumas;1846;ExperienciaAuditiva|VeuEnOff|InterpretacioVocal|VeuNarrativa;https://archive.org/compress/three_musketeers_0712_librivox/formats=64KBPS MP3&file=/three_musketeers_0712_librivox.zip;No-ficció;Kbps192;True;89386;Alexandre Dumas;English;68
121;Fábulas de Esopo, Vol. 3;Aesop;1997;ExperienciaAuditiva|ProduccioEditorial|VeuNarrativa|LecturaEnCatala|EnregistramentEstudi|InterpretacioVocal;https://archive.org/compress/fabulas_esopo_03_librivox/formats=64KBPS MP3&file=/fabulas_esopo_03_librivox.zip;Històric;Kbps64;True;2056;Aesop;Spanish;30
122000;Bible (LSG, 1910) NT 04: Évangile selon Jean;Louis Segond Bible;1910;EnregistramentEstudi|ExperienciaAuditiva|InterpretacioVocal|LecturaEnCatala|VeuNarrativa|NarracioIntegra;https://archive.org/compress/jean_lsg_librivox/formats=64KBPS MP3&file=/jean_lsg_librivox.zip;Històric;Kbps128;True;6510;Louis Segond Bible;French;5
123;Amateur Cracksman;E. W. Hornung;1899;LecturaEnCatala;https://archive.org/compress/amateur_cracksman_librivox/formats=64KBPS MP3&file=/amateur_cracksman_librivox.zip;Misteri;Kbps128;True;19524;E. W. Hornung;English;8
124;Girl of the Limberlost;Gene Stratton-Porter;1909;InterpretacioVocal|LecturaEnCatala|VeuEnOff|NarracioIntegra;https://archive.org/compress/girl_limberlost_librivox/formats=64KBPS MP3&file=/girl_limberlost_librivox.zip;Biografia;Kbps360;True;41109;Gene Stratton-Porter;English;25
126;Rosary;Florence Louisa Barclay;1909;ExperienciaAuditiva|VeuNarrativa|AudioImmersiu|NarracioIntegra;https://archive.org/compress/rosary_librivox/formats=64KBPS MP3&file=/rosary_librivox.zip;Ficció;Kbps96;True;39043;Florence Louisa Barclay;English;38
127;Golden mean to 5000 digits;Jerry Bonnell;0;VeuEnOff|DissenySonor|InterpretacioVocal|ProduccioEditorial;https://archive.org/compress/golden_mean_to_5000_digits_0810_librivox/formats=64KBPS MP3&file=/golden_mean_to_5000_digits_0810_librivox.zip;Històric;Kbps360;True;3253;Jerry Bonnell;English;1
128;Queen Lucia;E. F. Benson;1920;LecturaEnCatala|VeuEnOff;https://archive.org/compress/queen_lucia_librivox/formats=64KBPS MP3&file=/queen_lucia_librivox.zip;Històric;Kbps64;True;31506;E. F. Benson;English;16
131;Histoires ou Contes du temps passé avec des moralités;Charles Perrault;1742;LletrAferit|InterpretacioVocal;https://archive.org/compress/contes_temps_passe_librivox/formats=64KBPS MP3&file=/contes_temps_passe_librivox.zip;Misteri;Kbps96;True;9164;Charles Perrault;French;11
132;Last of the Mohicans - A Narrative of 1757 (version 2);James Fenimore Cooper;1826;LecturaEnCatala;https://archive.org/compress/lastofthemohicans_0809_librivox/formats=64KBPS MP3&file=/lastofthemohicans_0809_librivox.zip;Fantasia;Kbps128;True;55457;James Fenimore Cooper;English;34
133;Jane Eyre;Charlotte Brontë;1847;DissenySonor;https://archive.org/compress/jane_eyre_librivox/formats=64KBPS MP3&file=/jane_eyre_librivox.zip;Ficció;Kbps360;True;74196;Charlotte Brontë;English;39
134;Eclogues;Virgil;0;AudioImmersiu|LletrAferit|NarracioIntegra;https://archive.org/compress/eclogues_0810_librivox/formats=64KBPS MP3&file=/eclogues_0810_librivox.zip;Històric;Kbps360;True;4101;Virgil;English;10
135;Eclogae (dramatic reading);Virgil;0;CulturaSonora;https://archive.org/compress/ecloga_0810_librivox/formats=64KBPS MP3&file=/ecloga_0810_librivox.zip;Misteri;Kbps360;True;5390;Virgil;Latin;12
136;Around the World in Seventy-Two Days;Nellie Bly;1890;DissenySonor;https://archive.org/compress/seventy_two_days_librivox/formats=64KBPS MP3&file=/seventy_two_days_librivox.zip;Ficció;Kbps192;True;21931;Nellie Bly;English;18
137;My Man Jeeves;P. G. Wodehouse;1919;ExperienciaAuditiva|LletrAferit|ProduccioEditorial|NarracioIntegra;https://archive.org/compress/my_man_jeeves_librivox/formats=64KBPS MP3&file=/my_man_jeeves_librivox.zip;Històric;Kbps192;True;18771;P. G. Wodehouse;English;8
138;Ballad of John Silver;John Masefield;1902;LletrAferit|DissenySonor|ExperienciaAuditiva|ProduccioEditorial|VeuEnOff;https://archive.org/compress/ballad_john_silver_librivox/formats=64KBPS MP3&file=/ballad_john_silver_librivox.zip;Històric;Kbps192;True;1182;John Masefield;English;9
139;Calendar of Sonnets;Helen Hunt Jackson;1886;EnregistramentEstudi|VeuNarrativa|NarracioIntegra|DissenySonor|InterpretacioVocal|CulturaSonora;https://archive.org/compress/calendar_of_sonnets_librivox/formats=64KBPS MP3&file=/calendar_of_sonnets_librivox.zip;Biografia;Kbps128;True;921;Helen Hunt Jackson;English;12
140;Christmas Carol;Charles Dickens;1843;LletrAferit|AudioImmersiu|CulturaSonora|InterpretacioVocal|DissenySonor;https://archive.org/compress/A_Christmas_Carol/formats=64KBPS MP3&file=/A_Christmas_Carol.zip;Biografia;Kbps64;True;11669;Charles Dickens;English;5
141;Connecticut Yankee in King Arthur's Court;Mark Twain;1889;ProduccioEditorial|ExperienciaAuditiva|VeuEnOff|EnregistramentEstudi|LecturaEnCatala;https://archive.org/compress/connecticutyankee_librivox/formats=64KBPS MP3&file=/connecticutyankee_librivox.zip;Històric;Kbps96;True;49355;Mark Twain;English;45
142;American Indian Fairy Tales;William Trowbridge Larned;1921;ExperienciaAuditiva|DissenySonor;https://archive.org/compress/american_indian_tales_librivox/formats=64KBPS MP3&file=/american_indian_tales_librivox.zip;Fantasia;Kbps96;True;10148;William Trowbridge Larned;English;9
143;International Episode;Henry James;1877;VeuEnOff|InterpretacioVocal|ProduccioEditorial|DissenySonor|EnregistramentEstudi|CulturaSonora;https://archive.org/compress/international_episode/formats=64KBPS MP3&file=/international_episode.zip;Misteri;Kbps360;True;10856;Henry James;English;6
144;Andersen's Fairy Tales;Hans Christian Andersen;1835;VeuEnOff|ProduccioEditorial;https://archive.org/compress/andersens_fairytales_librivox/formats=64KBPS MP3&file=/andersens_fairytales_librivox.zip;Fantasia;Kbps96;True;21064;Hans Christian Andersen;English;18
145;Anne of Avonlea;Lucy Maud Montgomery;1909;NarracioIntegra|LecturaEnCatala|EnregistramentEstudi;https://archive.org/compress/anne_avonlea/formats=64KBPS MP3&file=/anne_avonlea.zip;Misteri;Kbps128;True;31719;Lucy Maud Montgomery;English;30
146;Anne of Green Gables;Lucy Maud Montgomery;1908;;https://archive.org/compress/anne_of_green_gables_librivox/formats=64KBPS MP3&file=/anne_of_green_gables_librivox.zip;Ciència-ficció;Kbps96;True;37811;Lucy Maud Montgomery;English;38
147;Art and Heart;Ella Wheeler Wilcox;1883;;https://archive.org/compress/art_and_heart_librivox/formats=64KBPS MP3&file=/art_and_heart_librivox.zip;Històric;Kbps128;True;4242;Ella Wheeler Wilcox;English;38
148;Auf der Galerie;Franz Kafka;1919;InterpretacioVocal|ProduccioEditorial|EnregistramentEstudi|VeuNarrativa|CulturaSonora;https://archive.org/compress/kafka_galerie_librivox/formats=64KBPS MP3&file=/kafka_galerie_librivox.zip;Biografia;Kbps360;True;181;Franz Kafka;German;1
149;Épigramme;François Maynard;1920;LecturaEnCatala;https://archive.org/compress/epigramme_librivox/formats=64KBPS MP3&file=/epigramme_librivox.zip;Ficció;Kbps96;True;497;François Maynard;French;10
150;Barbara Frietchie;John Greenleaf Whittier;1864;NarracioIntegra;https://archive.org/compress/barbara_frietchie_librivox/formats=64KBPS MP3&file=/barbara_frietchie_librivox.zip;Ficció;Kbps128;True;827;John Greenleaf Whittier;English;4
151;Beowulf;Unknown;1909;LletrAferit|CulturaSonora|EnregistramentEstudi|NarracioIntegra;https://archive.org/compress/beowulf/formats=64KBPS MP3&file=/beowulf.zip;No-ficció;Kbps192;True;10359;Unknown;English;8
152;Beyond Good and Evil;Friedrich Nietzsche;1885;ExperienciaAuditiva|ProduccioEditorial|AudioImmersiu|NarracioIntegra;https://archive.org/compress/beyond_good_and_evil_librivox/formats=64KBPS MP3&file=/beyond_good_and_evil_librivox.zip;Misteri;Kbps192;True;28930;Friedrich Nietzsche;English;10
153;Bible (Biblia Sacra Vulgata) 19: Psalmi XXII;Biblia Sacra Vulgata;382;InterpretacioVocal|EnregistramentEstudi|VeuEnOff|DissenySonor;https://archive.org/compress/psalmi_22_vulgata_librivox/formats=64KBPS MP3&file=/psalmi_22_vulgata_librivox.zip;Misteri;Kbps192;True;81;Biblia Sacra Vulgata;Latin;1
154;Bildergeschichten;Wilhelm Busch;1904;NarracioIntegra|EnregistramentEstudi|ProduccioEditorial|VeuNarrativa|LecturaEnCatala;https://archive.org/compress/bildergeschichten_librivox/formats=64KBPS MP3&file=/bildergeschichten_librivox.zip;No-ficció;Kbps360;True;13990;Wilhelm Busch;German;51
155000;Black Beauty (The Autobiography of a Horse);Anna Sewell;1877;LletrAferit|LecturaEnCatala;https://archive.org/compress/blackbeauty_librivox/formats=64KBPS MP3&file=/blackbeauty_librivox.zip;Fantasia;Kbps360;True;22497;Anna Sewell;English;49
156;Bible (KJV) 17: Esther;King James Version (KJV);1611;CulturaSonora|VeuNarrativa|InterpretacioVocal|ProduccioEditorial|AudioImmersiu|EnregistramentEstudi;https://archive.org/compress/publicdomain/formats=64KBPS MP3&file=/publicdomain.zip;No-ficció;Kbps360;True;1955;King James Version (KJV);English;3
157;Caedmon's Hymn;Caedmon;680;NarracioIntegra|ExperienciaAuditiva|VeuNarrativa|LletrAferit;https://archive.org/compress/caedmon_librivox/formats=64KBPS MP3&file=/caedmon_librivox.zip;Ciència-ficció;Kbps192;True;99;Caedmon;Old English;1
158;Call of the Wild;Jack London;1903;ExperienciaAuditiva;https://archive.org/compress/call_of_the_wild/formats=64KBPS MP3&file=/call_of_the_wild.zip;Ciència-ficció;Kbps96;True;12216;Jack London;English;6
159;Cathay;Ernest Fenollosa;1915;LletrAferit|NarracioIntegra|ExperienciaAuditiva|LecturaEnCatala|InterpretacioVocal;https://archive.org/compress/cathay_librivox/formats=64KBPS MP3&file=/cathay_librivox.zip;Misteri;Kbps360;True;2758;Ernest Fenollosa;English;17
160;Chapters from my Autobiography;Mark Twain;1906;VeuNarrativa;https://archive.org/compress/twain_autobiography_librivox/formats=64KBPS MP3&file=/twain_autobiography_librivox.zip;Biografia;Kbps360;True;38091;Mark Twain;English;25
161;Vagabond Song;Bliss Carman;1901;LletrAferit;https://archive.org/compress/vagabond_song_librivox/formats=64KBPS MP3&file=/vagabond_song_librivox.zip;No-ficció;Kbps128;True;851;Bliss Carman;English;15
162;Childhood;Leo Tolstoy;1895;NarracioIntegra|VeuEnOff|ProduccioEditorial|LecturaEnCatala;https://archive.org/compress/childhood_english_librivox/formats=64KBPS MP3&file=/childhood_english_librivox.zip;Ficció;Kbps192;True;14796;Leo Tolstoy;English;18
163;Dear Enemy;Jean Webster;1915;InterpretacioVocal|ProduccioEditorial;https://archive.org/compress/dear_enemy_0710_librivox/formats=64KBPS MP3&file=/dear_enemy_0710_librivox.zip;Biografia;Kbps360;True;23516;Jean Webster;English;24
164;Domestic Cookery, Useful Receipts, and Hints to Young Housekeepers;Elizabeth E. Lea;1866;LletrAferit|LecturaEnCatala|VeuNarrativa;https://archive.org/compress/domestic_cookery_librivox/formats=64KBPS MP3&file=/domestic_cookery_librivox.zip;Històric;Kbps64;True;31626;Elizabeth E. Lea;English;20
166;Anne of the Island;Lucy Maud Montgomery;1915;DissenySonor;https://archive.org/compress/anne_island/formats=64KBPS MP3&file=/anne_island.zip;Històric;Kbps360;True;28287;Lucy Maud Montgomery;English;41
168;Secret Chambers and Hiding Places;Allan Fea;1908;;https://archive.org/compress/secret_chambers_librivox/formats=64KBPS MP3&file=/secret_chambers_librivox.zip;Històric;Kbps128;True;13398;Allan Fea;English;16
169;Death Be Not Proud;John Donne;1633;EnregistramentEstudi;https://archive.org/compress/death_be_not_proud_librivox/formats=64KBPS MP3&file=/death_be_not_proud_librivox.zip;Misteri;Kbps128;True;960;John Donne;English;11
170;Declaration of Independence of the United States of America;Thomas Jefferson;1776;LletrAferit|InterpretacioVocal|ProduccioEditorial;https://archive.org/compress/declaration_of_independence_librivox/formats=64KBPS MP3&file=/declaration_of_independence_librivox.zip;Històric;Kbps360;True;611;Thomas Jefferson;English;1
171;Declaration of Rights;Stamp Act Congress;1765;;https://archive.org/compress/stamp_act_congress_1765_librivox/formats=64KBPS MP3&file=/stamp_act_congress_1765_librivox.zip;Fantasia;Kbps96;True;254;Stamp Act Congress;English;1
172;Kleine Häwelmann;Theodor Storm;0;NarracioIntegra|LecturaEnCatala|CulturaSonora|ExperienciaAuditiva|AudioImmersiu|ProduccioEditorial;https://archive.org/compress/haewelmann_librivox/formats=64KBPS MP3&file=/haewelmann_librivox.zip;Històric;Kbps360;True;498;Theodor Storm;German;1
173;Schimmelreiter;Theodor Storm;1888;VeuEnOff|NarracioIntegra|EnregistramentEstudi|LecturaEnCatala;https://archive.org/compress/schimmelreiter_storm_librivox/formats=64KBPS MP3&file=/schimmelreiter_storm_librivox.zip;Misteri;Kbps64;True;15443;Theodor Storm;German;7
174;Journey to the Interior of the Earth;Jules Verne;1864;;https://archive.org/compress/journey_verne_librivox/formats=64KBPS MP3&file=/journey_verne_librivox.zip;No-ficció;Kbps192;True;29416;Jules Verne;English;41
175;Little Princess;Frances Hodgson Burnett;1905;LletrAferit|VeuEnOff|CulturaSonora;https://archive.org/compress/littleprincess_librivox/formats=64KBPS MP3&file=/littleprincess_librivox.zip;No-ficció;Kbps96;True;27357;Frances Hodgson Burnett;English;19
176;Struwwelpeter (version 2);Heinrich Hoffmann;1845;InterpretacioVocal|EnregistramentEstudi|NarracioIntegra|AudioImmersiu|LletrAferit;https://archive.org/compress/struwwelpeter_de2_librivox/formats=64KBPS MP3&file=/struwwelpeter_de2_librivox.zip;Fantasia;Kbps360;True;887;Heinrich Hoffmann;German;1
177;Modest Proposal;Jonathan Swift;1729;;https://archive.org/compress/modestproposal/formats=64KBPS MP3&file=/modestproposal.zip;Ficció;Kbps128;True;1635;Jonathan Swift;English;1
179;Noiseless Patient Spider;Walt Whitman;1900;DissenySonor|LletrAferit;https://archive.org/compress/patient_spider/formats=64KBPS MP3&file=/patient_spider.zip;Misteri;Kbps96;True;677;Walt Whitman;English;8
180;Struwwelpeter;Heinrich Hoffmann;1845;NarracioIntegra|CulturaSonora|AudioImmersiu;https://archive.org/compress/struwwelpeter_de_librivox/formats=64KBPS MP3&file=/struwwelpeter_de_librivox.zip;Històric;Kbps128;True;1065;Heinrich Hoffmann;German;1
181;Tolle Mensch;Friedrich Nietzsche;1887;VeuEnOff|InterpretacioVocal|ExperienciaAuditiva|LecturaEnCatala|LletrAferit;https://archive.org/compress/tolle_mensch_librivox/formats=64KBPS MP3&file=/tolle_mensch_librivox.zip;Ciència-ficció;Kbps96;True;288;Friedrich Nietzsche;German;1
182;Leiden des jungen Werther;Johann Wolfgang von Goethe;1774;;https://archive.org/compress/leiden_werther_librivox/formats=64KBPS MP3&file=/leiden_werther_librivox.zip;Ciència-ficció;Kbps360;True;17816;Johann Wolfgang von Goethe;German;11
183;Schwarze Galeere;Wilhelm Raabe;1861;VeuEnOff|AudioImmersiu|LecturaEnCatala|LletrAferit|ExperienciaAuditiva;https://archive.org/compress/schwarze_galeere_librivox/formats=64KBPS MP3&file=/schwarze_galeere_librivox.zip;Ficció;Kbps96;True;6445;Wilhelm Raabe;German;6
184;History of England, from the Accession of James II - (Volume 1, Chapter 05);Thomas Babington Macaulay;1848;;https://archive.org/compress/historyofengland05/formats=64KBPS MP3&file=/historyofengland05.zip;Històric;Kbps128;True;16954;Thomas Babington Macaulay;English;21
186;I Do Not Love Thee;Caroline Elizabeth Sarah Norton;1919;EnregistramentEstudi|NarracioIntegra|CulturaSonora|AudioImmersiu|InterpretacioVocal;https://archive.org/compress/i_do_not_love_thee_norton_librivox/formats=64KBPS MP3&file=/i_do_not_love_thee_norton_librivox.zip;No-ficció;Kbps192;True;2181;Caroline Elizabeth Sarah Norton;English;20
187;I Wandered Lonely as a Cloud;William Wordsworth;1888;InterpretacioVocal|DissenySonor;https://archive.org/compress/wandered_lonely_as_a_cloud_librivox/formats=64KBPS MP3&file=/wandered_lonely_as_a_cloud_librivox.zip;Ciència-ficció;Kbps128;True;815;William Wordsworth;English;9
188;If;Rudyard Kipling;1914;InterpretacioVocal;https://archive.org/compress/if_kipling_librivox/formats=64KBPS MP3&file=/if_kipling_librivox.zip;No-ficció;Kbps128;True;2296;Rudyard Kipling;English;17
189;In Flanders Fields;John McCrae;1919;NarracioIntegra|DissenySonor|AudioImmersiu|InterpretacioVocal|ExperienciaAuditiva;https://archive.org/compress/in_flanders_fields/formats=64KBPS MP3&file=/in_flanders_fields.zip;Biografia;Kbps192;True;570;John McCrae;English;7
191;Jazz Fantasia;Carl Sandburg;1920;CulturaSonora;https://archive.org/compress/jazz_fantasia_librivox/formats=64KBPS MP3&file=/jazz_fantasia_librivox.zip;Misteri;Kbps192;True;1636;Carl Sandburg;English;17
192;Johnny Crow's Garden;L. Leslie Brooke;1903;;https://archive.org/compress/jcrow_garden_librivox/formats=64KBPS MP3&file=/jcrow_garden_librivox.zip;Ficció;Kbps360;True;196;L. Leslie Brooke;English;1
193;Aesop's Fables, Volume 03 (Fables 51-75);Aesop;1912;LletrAferit;https://archive.org/compress/aesop_fables_volume_three_librivox/formats=64KBPS MP3&file=/aesop_fables_volume_three_librivox.zip;Ciència-ficció;Kbps192;True;1764;Aesop;English;24
194;Aesop's Fables, Volume 04 (Fables 76-100);Aesop;1912;VeuEnOff|LletrAferit;https://archive.org/compress/aesop_fables_volume_four_librivox/formats=64KBPS MP3&file=/aesop_fables_volume_four_librivox.zip;Fantasia;Kbps64;True;1678;Aesop;English;25
195;Aesop's Fables, Volume 05 (Fables 101-125);Aesop;1912;DissenySonor|LletrAferit|ProduccioEditorial|NarracioIntegra|InterpretacioVocal|CulturaSonora;https://archive.org/compress/aesop_fables_volume_five_librivox/formats=64KBPS MP3&file=/aesop_fables_volume_five_librivox.zip;Fantasia;Kbps360;True;1937;Aesop;English;25
196;Aesop's Fables, Volume 06 (Fables 126-150);Aesop;1912;NarracioIntegra|InterpretacioVocal|VeuNarrativa|LletrAferit;https://archive.org/compress/aesop_fables_volume_six_librivox/formats=64KBPS MP3&file=/aesop_fables_volume_six_librivox.zip;Ficció;Kbps64;True;1869;Aesop;English;25
197;Aesop's Fables, Volume 07 (Fables 151-175);Aesop;1912;;https://archive.org/compress/aesop_fables_volume_seven_librivox/formats=64KBPS MP3&file=/aesop_fables_volume_seven_librivox.zip;Històric;Kbps96;True;2013;Aesop;English;25
198;Aesop's Fables, Volume 08 (Fables 176-200);Aesop;1912;LletrAferit|LecturaEnCatala|InterpretacioVocal|AudioImmersiu;https://archive.org/compress/aesop_fables_volume_eight_librivox/formats=64KBPS MP3&file=/aesop_fables_volume_eight_librivox.zip;Fantasia;Kbps192;True;1882;Aesop;English;25
199;Aesop's Fables, Volume 09 (Fables 201-225);Aesop;1912;CulturaSonora;https://archive.org/compress/aesop_fables_volume_nine_librivox/formats=64KBPS MP3&file=/aesop_fables_volume_nine_librivox.zip;Fantasia;Kbps64;True;1837;Aesop;English;25
200;Alice's Adventures in Wonderland;Lewis Carroll;1865;InterpretacioVocal|LletrAferit|ProduccioEditorial|AudioImmersiu;https://archive.org/compress/alice_in_wonderland_librivox/formats=64KBPS MP3&file=/alice_in_wonderland_librivox.zip;Ciència-ficció;Kbps128;True;10731;Lewis Carroll;English;12
201;Amendments to the United States Constitution;United States Government;1791;;https://archive.org/compress/constitution_amendments_librivox/formats=64KBPS MP3&file=/constitution_amendments_librivox.zip;No-ficció;Kbps128;True;1179;United States Government;English;6
202;Amendments to the United States Constitution (version 2);United States Government;1791;CulturaSonora;https://archive.org/compress/amendments_2_librivox/formats=64KBPS MP3&file=/amendments_2_librivox.zip;Misteri;Kbps64;True;1447;United States Government;English;5
203;Danse Russe;William Carlos Williams;1917;DissenySonor|AudioImmersiu|NarracioIntegra|VeuEnOff;https://archive.org/compress/danse_russe_librivox/formats=64KBPS MP3&file=/danse_russe_librivox.zip;Fantasia;Kbps192;True;1024;William Carlos Williams;English;16
204;Personal Anthology of Shakespeare;William Shakespeare;0;DissenySonor;https://archive.org/compress/personal_anthology_shakespeare_librivox/formats=64KBPS MP3&file=/personal_anthology_shakespeare_librivox.zip;No-ficció;Kbps64;True;2013;William Shakespeare;English;20
205;Princess of Mars;Edgar Rice Burroughs;1912;;https://archive.org/compress/princess_of_mars_librivox/formats=64KBPS MP3&file=/princess_of_mars_librivox.zip;Misteri;Kbps64;True;25809;Edgar Rice Burroughs;English;29
206;おくのほそ道 (Oku no Hosomichi);Matsuo Bashō;1694;LecturaEnCatala;https://archive.org/compress/oku_no_hosomichi_librivox/formats=64KBPS MP3&file=/oku_no_hosomichi_librivox.zip;Ficció;Kbps64;True;4101;Matsuo Bashō;Japanese;5
207;Old Christmas;Washington Irving;1886;AudioImmersiu|VeuEnOff;https://archive.org/compress/oldchristmas/formats=64KBPS MP3&file=/oldchristmas.zip;Fantasia;Kbps128;True;6726;Washington Irving;English;5
208;On the Antiseptic Principle of the Practice of Surgery;Joseph Lister;1867;LletrAferit|CulturaSonora|EnregistramentEstudi|NarracioIntegra;https://archive.org/compress/antiseptic_principle_surgery_librivox/formats=64KBPS MP3&file=/antiseptic_principle_surgery_librivox.zip;Fantasia;Kbps64;True;1892;Joseph Lister;English;1
209;Fables de La Fontaine, livre 02;Jean de La Fontaine;1802;;https://archive.org/compress/fables_lafontaine_02_librivox/formats=64KBPS MP3&file=/fables_lafontaine_02_librivox.zip;Històric;Kbps64;True;2694;Jean de La Fontaine;French;20
210;Childhood - Детство;Leo Tolstoy;1852;ExperienciaAuditiva;https://archive.org/compress/childhood_russian_librivox/formats=64KBPS MP3&file=/childhood_russian_librivox.zip;No-ficció;Kbps360;True;12637;Leo Tolstoy;Russian;28
211;China and the Chinese;Herbert Allen Giles;1902;ProduccioEditorial|ExperienciaAuditiva|NarracioIntegra;https://archive.org/compress/china_chinese_librivox/formats=64KBPS MP3&file=/china_chinese_librivox.zip;Biografia;Kbps192;True;16149;Herbert Allen Giles;English;6
212;Columbus;Joaquin Miller;1900;InterpretacioVocal|EnregistramentEstudi|ProduccioEditorial|ExperienciaAuditiva|AudioImmersiu|VeuNarrativa;https://archive.org/compress/columbus_librivox/formats=64KBPS MP3&file=/columbus_librivox.zip;Ficció;Kbps64;True;887;Joaquin Miller;English;6
213;Country of the Pointed Firs;Sarah Orne Jewett;1896;CulturaSonora|VeuNarrativa|VeuEnOff|InterpretacioVocal|DissenySonor|NarracioIntegra;https://archive.org/compress/pointed_firs/formats=64KBPS MP3&file=/pointed_firs.zip;Històric;Kbps360;True;15923;Sarah Orne Jewett;English;21
214;Crome Yellow;Aldous Huxley;1921;DissenySonor|ExperienciaAuditiva|LletrAferit|CulturaSonora|InterpretacioVocal;https://archive.org/compress/crome_yellow_librivox/formats=64KBPS MP3&file=/crome_yellow_librivox.zip;Ciència-ficció;Kbps360;True;21957;Aldous Huxley;English;30
215;Daddy-Long-Legs;Jean Webster;1912;DissenySonor|LletrAferit;https://archive.org/compress/daddy-long-legs_librivox/formats=64KBPS MP3&file=/daddy-long-legs_librivox.zip;Ciència-ficció;Kbps360;True;13057;Jean Webster;English;9
216;Mother Night;James Weldon Johnson;1922;NarracioIntegra;https://archive.org/compress/mother_night_librivox/formats=64KBPS MP3&file=/mother_night_librivox.zip;Fantasia;Kbps360;True;1031;James Weldon Johnson;English;15
218;North of Boston;Robert Frost;1914;;https://archive.org/compress/north_of_boston_librivox/formats=64KBPS MP3&file=/north_of_boston_librivox.zip;No-ficció;Kbps192;True;6380;Robert Frost;English;4
219;Northanger Abbey;Jane Austen;1803;;https://archive.org/compress/northanger_abbey_librivox/formats=64KBPS MP3&file=/northanger_abbey_librivox.zip;Ciència-ficció;Kbps192;True;29522;Jane Austen;English;31
220;Notes from the Underground;Fyodor Dostoyevsky;1864;EnregistramentEstudi|LecturaEnCatala;https://archive.org/compress/notes_from_the_underground/formats=64KBPS MP3&file=/notes_from_the_underground.zip;Ciència-ficció;Kbps192;True;18389;Fyodor Dostoyevsky;English;20
221;O Canada!;Robert Stanley Weir;1880;EnregistramentEstudi|VeuNarrativa|ProduccioEditorial|ExperienciaAuditiva|LecturaEnCatala|DissenySonor;https://archive.org/compress/o_canada_librivox/formats=64KBPS MP3&file=/o_canada_librivox.zip;No-ficció;Kbps96;True;645;Robert Stanley Weir;English;10
222;O Captain! My Captain!;Walt Whitman;1865;LecturaEnCatala|EnregistramentEstudi;https://archive.org/compress/o_captain_librivox/formats=64KBPS MP3&file=/o_captain_librivox.zip;Misteri;Kbps64;True;1448;Walt Whitman;English;13
223;O Southland!;James Weldon Johnson;1922;CulturaSonora|LecturaEnCatala;https://archive.org/compress/o_southland_librivox/formats=64KBPS MP3&file=/o_southland_librivox.zip;Misteri;Kbps128;True;543;James Weldon Johnson;English;5
224;小倉百人一首 (Ogura Hyakunin Isshu);Teika no Fujiwara;1909;VeuNarrativa|LletrAferit;https://archive.org/compress/hyakunin_isshu_librivox/formats=64KBPS MP3&file=/hyakunin_isshu_librivox.zip;Fantasia;Kbps64;True;1967;Teika no Fujiwara;Japanese;10
225;Songs of Innocence and Experience;William Blake;1794;CulturaSonora|EnregistramentEstudi;https://archive.org/compress/songs_innocence_experience_librivox/formats=64KBPS MP3&file=/songs_innocence_experience_librivox.zip;Biografia;Kbps360;True;4915;William Blake;English;47
226;Sonnet 130;William Shakespeare;1609;LletrAferit|InterpretacioVocal|NarracioIntegra|EnregistramentEstudi|ExperienciaAuditiva|VeuEnOff;https://archive.org/compress/sonnet_130_librivox/formats=64KBPS MP3&file=/sonnet_130_librivox.zip;Fantasia;Kbps64;True;1241;William Shakespeare;English;17
227;Sonnet 023;William Shakespeare;1609;ProduccioEditorial;https://archive.org/compress/sonnet_23_librivox/formats=64KBPS MP3&file=/sonnet_23_librivox.zip;No-ficció;Kbps96;True;600;William Shakespeare;English;8
228;Sonnet 073;William Shakespeare;1609;;https://archive.org/compress/sonnet_73_librivox/formats=64KBPS MP3&file=/sonnet_73_librivox.zip;No-ficció;Kbps128;True;748;William Shakespeare;English;10
229;Shakespeare's Sonnets;William Shakespeare;1609;InterpretacioVocal|VeuNarrativa|ProduccioEditorial;https://archive.org/compress/sonnets_librivox/formats=64KBPS MP3&file=/sonnets_librivox.zip;Ciència-ficció;Kbps64;True;9861;William Shakespeare;English;17
230;Spirits in Bondage;C. S. Lewis;1919;;https://archive.org/compress/spirits_bondage_librivox/formats=64KBPS MP3&file=/spirits_bondage_librivox.zip;Històric;Kbps192;True;4675;C. S. Lewis;English;3
231;Struwwelpeter;Heinrich Hoffmann;1848;VeuEnOff|LletrAferit|CulturaSonora|NarracioIntegra|DissenySonor;https://archive.org/compress/struwwelpeter_eng_librivox/formats=64KBPS MP3&file=/struwwelpeter_eng_librivox.zip;Misteri;Kbps128;True;1278;Heinrich Hoffmann;English;1
232;Struwwelpeter (version 2);Heinrich Hoffmann;1848;;https://archive.org/compress/struwwelpeter_eng2_librivox/formats=64KBPS MP3&file=/struwwelpeter_eng2_librivox.zip;Biografia;Kbps64;True;1077;Heinrich Hoffmann;English;1
233;Sunshine Sketches of a Little Town;Stephen Leacock;1912;ExperienciaAuditiva|VeuNarrativa;https://archive.org/compress/sunshine_sketches_librivox/formats=64KBPS MP3&file=/sunshine_sketches_librivox.zip;Ficció;Kbps192;True;20635;Stephen Leacock;English;13
234;Our Island Story, Part 1;Henrietta Elizabeth Marshall;1905;LecturaEnCatala|AudioImmersiu|VeuNarrativa|EnregistramentEstudi|ExperienciaAuditiva|LletrAferit;https://archive.org/compress/our_island_story_1_librivox/formats=64KBPS MP3&file=/our_island_story_1_librivox.zip;Ciència-ficció;Kbps128;True;29137;Henrietta Elizabeth Marshall;English;54
235;Our Island Story, Part 2;Henrietta Elizabeth Marshall;1905;LecturaEnCatala|NarracioIntegra|CulturaSonora|VeuNarrativa|InterpretacioVocal;https://archive.org/compress/our_island_story_2_librivox/formats=64KBPS MP3&file=/our_island_story_2_librivox.zip;Històric;Kbps192;True;28116;Henrietta Elizabeth Marshall;English;57
236;One Hundred Verses from Old Japan;Teika no Fujiwara;1909;CulturaSonora|VeuNarrativa|EnregistramentEstudi|InterpretacioVocal;https://archive.org/compress/100_verses_japan_librivox/formats=64KBPS MP3&file=/100_verses_japan_librivox.zip;No-ficció;Kbps360;True;2944;Teika no Fujiwara;English;11
237;Ozymandias of Egypt;Percy Bysshe Shelley;1818;VeuNarrativa|EnregistramentEstudi|InterpretacioVocal|CulturaSonora;https://archive.org/compress/ozymandias_librivox/formats=64KBPS MP3&file=/ozymandias_librivox.zip;Biografia;Kbps64;True;1262;Percy Bysshe Shelley;English;16
238000;Philosophy and Fun of Algebra;Mary Everest Boole;1909;LletrAferit|ExperienciaAuditiva;https://archive.org/compress/philosophy_fun_algebra_librivox/formats=64KBPS MP3&file=/philosophy_fun_algebra_librivox.zip;Ficció;Kbps64;True;6074;Mary Everest Boole;English;18
239;Poet To His Love;Maxwell Bodenheim;1918;VeuEnOff;https://archive.org/compress/poet_to_his_love_librivox/formats=64KBPS MP3&file=/poet_to_his_love_librivox.zip;Biografia;Kbps64;True;580;Maxwell Bodenheim;English;13
240;Poetics;Aristotle;1909;InterpretacioVocal|NarracioIntegra|EnregistramentEstudi|ProduccioEditorial|VeuNarrativa;https://archive.org/compress/poetics_librivox/formats=64KBPS MP3&file=/poetics_librivox.zip;Històric;Kbps64;True;8629;Aristotle;English;11
241;Robinson Crusoe Written Anew for Children;James Baldwin;1905;InterpretacioVocal|DissenySonor|CulturaSonora;https://archive.org/compress/robinson_crusoe_anew_for_children_librivox/formats=64KBPS MP3&file=/robinson_crusoe_anew_for_children_librivox.zip;Històric;Kbps360;True;13260;James Baldwin;English;15
242;Reluctant Dragon;Kenneth Grahame;1898;CulturaSonora|VeuEnOff|DissenySonor|VeuNarrativa;https://archive.org/compress/reluctant_dragon_librivox/formats=64KBPS MP3&file=/reluctant_dragon_librivox.zip;Misteri;Kbps64;True;3402;Kenneth Grahame;English;1
243;Romeo and Juliet;William Shakespeare;1597;LecturaEnCatala;https://archive.org/compress/romeo_and_juliet_librivox/formats=64KBPS MP3&file=/romeo_and_juliet_librivox.zip;Biografia;Kbps128;True;10922;William Shakespeare;English;5
244;Sadhana, the Realisation of Life;Rabindranath Tagore;1913;NarracioIntegra;https://archive.org/compress/sadhana_realisation_librivox/formats=64KBPS MP3&file=/sadhana_realisation_librivox.zip;Biografia;Kbps64;True;15962;Rabindranath Tagore;English;8
245;Sara Crewe: or, What Happened at Miss Minchin’s Boarding School;Frances Hodgson Burnett;1888;VeuEnOff;https://archive.org/compress/sara_crewe_librivox/formats=64KBPS MP3&file=/sara_crewe_librivox.zip;Ciència-ficció;Kbps192;True;6902;Frances Hodgson Burnett;English;7
246;Sarrasine;Honoré de Balzac;1830;ProduccioEditorial|CulturaSonora|LletrAferit|LecturaEnCatala;https://archive.org/compress/sarrasine_librivox/formats=64KBPS MP3&file=/sarrasine_librivox.zip;Biografia;Kbps128;True;5943;Honoré de Balzac;English;1
247;Seven Little Australians;Ethel Turner;1894;ProduccioEditorial|InterpretacioVocal|NarracioIntegra;https://archive.org/compress/seven_little_australians_librivox/formats=64KBPS MP3&file=/seven_little_australians_librivox.zip;Ficció;Kbps96;True;15090;Ethel Turner;English;13
248;Short Poetry Collection 001;Various;0;CulturaSonora|InterpretacioVocal|ExperienciaAuditiva|LletrAferit|DissenySonor|LecturaEnCatala;https://archive.org/compress/short_poetry_001_librivox/formats=64KBPS MP3&file=/short_poetry_001_librivox.zip;Biografia;Kbps128;True;4770;Various;English;29
249;Short Poetry Collection 002;Various;0;InterpretacioVocal|ExperienciaAuditiva|CulturaSonora|DissenySonor|LletrAferit|LecturaEnCatala;https://archive.org/compress/shortpoetry_002_librivox/formats=64KBPS MP3&file=/shortpoetry_002_librivox.zip;Ficció;Kbps64;True;3479;Various;English;22
250;Short Poetry Collection 003;Various;0;ExperienciaAuditiva|LletrAferit|EnregistramentEstudi|VeuNarrativa|ProduccioEditorial;https://archive.org/compress/shortpoetry_003_librivox/formats=64KBPS MP3&file=/shortpoetry_003_librivox.zip;Ficció;Kbps360;True;2443;Various;English;20
251;Poezdka v Polesye;Ivan Turgenev;1852;;https://archive.org/compress/Poezdka_Polesye_librivox/formats=64KBPS MP3&file=/Poezdka_Polesye_librivox.zip;Ciència-ficció;Kbps360;True;2526;Ivan Turgenev;Russian;3
252;Present at a Hanging and Other Ghost Stories;Ambrose Bierce;1913;;https://archive.org/compress/hanging_librivox/formats=64KBPS MP3&file=/hanging_librivox.zip;Històric;Kbps360;True;7290;Ambrose Bierce;English;5
253;Pride and Prejudice;Jane Austen;1813;CulturaSonora|LletrAferit|VeuEnOff|AudioImmersiu|ExperienciaAuditiva;https://archive.org/compress/pride_and_prejudice_librivox/formats=64KBPS MP3&file=/pride_and_prejudice_librivox.zip;Biografia;Kbps128;True;47204;Jane Austen;English;37
254;Pride and Prejudice (version 2);Jane Austen;1813;AudioImmersiu|VeuNarrativa|ExperienciaAuditiva;https://archive.org/compress/solo_pride_librivox/formats=64KBPS MP3&file=/solo_pride_librivox.zip;Històric;Kbps128;True;48301;Jane Austen;English;35
255;Bible (WEB) 19: Psalms - Selections;World English Bible;0;NarracioIntegra|LecturaEnCatala|AudioImmersiu;https://archive.org/compress/psalms_selections_librivox/formats=64KBPS MP3&file=/psalms_selections_librivox.zip;Biografia;Kbps192;True;892;World English Bible;English;9
256;Psmith in the City;P. G. Wodehouse;1910;CulturaSonora|DissenySonor|LletrAferit;https://archive.org/compress/psmith_in_the_city/formats=64KBPS MP3&file=/psmith_in_the_city.zip;Ficció;Kbps64;True;21077;P. G. Wodehouse;English;14
257;Ragged Dick;Horatio Alger, Jr.;1867;AudioImmersiu;https://archive.org/compress/ragged_dick_librivox/formats=64KBPS MP3&file=/ragged_dick_librivox.zip;Històric;Kbps128;True;16667;Horatio Alger, Jr.;English;13
258;Recuerdo;Edna St. Vincent Millay;1922;AudioImmersiu|InterpretacioVocal|VeuEnOff|VeuNarrativa;https://archive.org/compress/recuerdo_librivox/formats=64KBPS MP3&file=/recuerdo_librivox.zip;Històric;Kbps128;True;856;Edna St. Vincent Millay;English;9
259;Richard Cory;Edwin Arlington Robinson;1922;InterpretacioVocal|AudioImmersiu|VeuEnOff;https://archive.org/compress/richard_cory_librivox/formats=64KBPS MP3&file=/richard_cory_librivox.zip;Misteri;Kbps128;True;888;Edwin Arlington Robinson;English;12
260;Rilla of Ingleside;Lucy Maud Montgomery;1921;VeuNarrativa|AudioImmersiu|DissenySonor;https://archive.org/compress/rilla_ingleside_librivox/formats=64KBPS MP3&file=/rilla_ingleside_librivox.zip;Biografia;Kbps64;True;31067;Lucy Maud Montgomery;English;35
261;Ghost Story Collection 001;Various;0;LecturaEnCatala|CulturaSonora|ProduccioEditorial|DissenySonor|NarracioIntegra;https://archive.org/compress/ghost_stories_001_librivox/formats=64KBPS MP3&file=/ghost_stories_001_librivox.zip;Biografia;Kbps192;True;16695;Various;English;10
262;Short Story Collection Vol. 006;Various;0;LecturaEnCatala|DissenySonor|ExperienciaAuditiva;https://archive.org/compress/stories_006_librivox/formats=64KBPS MP3&file=/stories_006_librivox.zip;Ciència-ficció;Kbps360;True;29685;Various;English;20
263;Life: Poem XXI A Book;Emily Dickinson;1906;VeuNarrativa|InterpretacioVocal|DissenySonor;https://archive.org/compress/life_poem_21_dickinson/formats=64KBPS MP3&file=/life_poem_21_dickinson.zip;Ciència-ficció;Kbps192;True;1438;Emily Dickinson;English;40
264;Lincoln at Cooper Union;Abraham Lincoln;1860;ProduccioEditorial|DissenySonor|VeuEnOff|VeuNarrativa|InterpretacioVocal;https://archive.org/compress/lincoln_cooper_librivox/formats=64KBPS MP3&file=/lincoln_cooper_librivox.zip;Biografia;Kbps128;True;3084;Abraham Lincoln;English;1
265;Little Wizard Stories of Oz;L. Frank Baum;1913;VeuEnOff|LletrAferit|InterpretacioVocal;https://archive.org/compress/little_wizard_stories_librivox/formats=64KBPS MP3&file=/little_wizard_stories_librivox.zip;Misteri;Kbps192;True;4335;L. Frank Baum;English;6
266;Long Poems Collection 001;Various;0;;https://archive.org/compress/long_poems_001_librivox/formats=64KBPS MP3&file=/long_poems_001_librivox.zip;Ciència-ficció;Kbps128;True;3601;Various;English;5
267;Long Poems Collection 002;Various;0;NarracioIntegra|EnregistramentEstudi|VeuEnOff;https://archive.org/compress/long_poems_002_librivox/formats=64KBPS MP3&file=/long_poems_002_librivox.zip;Històric;Kbps192;True;4241;Various;English;7
268;Love Conquers All;Robert C. Benchley;1922;ExperienciaAuditiva;https://archive.org/compress/love_conquers_all_librivox/formats=64KBPS MP3&file=/love_conquers_all_librivox.zip;Ciència-ficció;Kbps96;True;24782;Robert C. Benchley;English;13
269;Discourse on the Method of Rightly Conducting One’s Reason and of Seeking Truth;René Descartes;1637;ProduccioEditorial|NarracioIntegra|VeuEnOff|InterpretacioVocal|CulturaSonora;https://archive.org/compress/discourse_method_librivox/formats=64KBPS MP3&file=/discourse_method_librivox.zip;No-ficció;Kbps360;True;8993;René Descartes;English;6
270;Dorothy and the Wizard in Oz;L. Frank Baum;1908;LecturaEnCatala;https://archive.org/compress/dorothy_wizard_oz_librivox/formats=64KBPS MP3&file=/dorothy_wizard_oz_librivox.zip;Biografia;Kbps128;True;15344;L. Frank Baum;English;20
271;Dracula;Bram Stoker;1897;EnregistramentEstudi|NarracioIntegra|LecturaEnCatala|AudioImmersiu;https://archive.org/compress/dracula_librivox/formats=64KBPS MP3&file=/dracula_librivox.zip;Ciència-ficció;Kbps96;True;59469;Bram Stoker;English;27
272;Early Spring;Fay Inchfawn;1880;ProduccioEditorial|CulturaSonora;https://archive.org/compress/early_spring_librivox/formats=64KBPS MP3&file=/early_spring_librivox.zip;Biografia;Kbps128;True;584;Fay Inchfawn;English;8
273;Bible (ASV) 21: Ecclesiastes;American Standard Version;1901;EnregistramentEstudi|LecturaEnCatala|LletrAferit|InterpretacioVocal|NarracioIntegra;https://archive.org/compress/ecclesiastes_librivox/formats=64KBPS MP3&file=/ecclesiastes_librivox.zip;Històric;Kbps96;True;2452;American Standard Version;English;1
274;Embankment at Night, before the War: Outcasts;D. H. Lawrence;1916;AudioImmersiu|CulturaSonora|NarracioIntegra|ExperienciaAuditiva;https://archive.org/compress/embankment_outcasts_librivox/formats=64KBPS MP3&file=/embankment_outcasts_librivox.zip;No-ficció;Kbps128;True;1588;D. H. Lawrence;English;5
275;Euthyphro;Plato (Πλάτων);1891;LecturaEnCatala|CulturaSonora|NarracioIntegra|LletrAferit|VeuEnOff|EnregistramentEstudi;https://archive.org/compress/euthyphro_librivox/formats=64KBPS MP3&file=/euthyphro_librivox.zip;Ciència-ficció;Kbps192;True;2419;Plato (Πλάτων);English;1
276;Eve’s Diary;Mark Twain;1906;VeuNarrativa|ProduccioEditorial;https://archive.org/compress/eves_diary_librivox/formats=64KBPS MP3&file=/eves_diary_librivox.zip;Històric;Kbps360;True;2283;Mark Twain;English;3
277;Fables for the Frivolous;Guy Wetmore Carryl;1898;VeuNarrativa|LecturaEnCatala|ProduccioEditorial|NarracioIntegra|ExperienciaAuditiva|AudioImmersiu;https://archive.org/compress/frivolous_fables_librivox/formats=64KBPS MP3&file=/frivolous_fables_librivox.zip;Fantasia;Kbps192;True;3141;Guy Wetmore Carryl;English;20
278000;Silas Marner;George Eliot;1861;LecturaEnCatala|EnregistramentEstudi|CulturaSonora|InterpretacioVocal;https://archive.org/compress/silas_marner_librivox/formats=64KBPS MP3&file=/silas_marner_librivox.zip;No-ficció;Kbps96;True;24378;George Eliot;English;22
279;Main Street;Sinclair Lewis;1920;DissenySonor|ProduccioEditorial|VeuEnOff|VeuNarrativa|LecturaEnCatala|LletrAferit;https://archive.org/compress/main_street_0707_librivox/formats=64KBPS MP3&file=/main_street_0707_librivox.zip;Ciència-ficció;Kbps96;True;66286;Sinclair Lewis;English;40
280;Sayings of Confucius;Confucius 孔子;1914;CulturaSonora|LletrAferit|ProduccioEditorial|NarracioIntegra;https://archive.org/compress/sayings_of_confucius_librivox/formats=64KBPS MP3&file=/sayings_of_confucius_librivox.zip;Històric;Kbps360;True;11515;Confucius 孔子;English;21
281;Gerrard Street Mystery and Other Weird Tales;John Charles Dent;1888;ProduccioEditorial|AudioImmersiu;https://archive.org/compress/gerrard_street_0810_librivox/formats=64KBPS MP3&file=/gerrard_street_0810_librivox.zip;Ciència-ficció;Kbps192;True;19651;John Charles Dent;English;25
282;Insomnia Collection Vol. 003;Various;0;CulturaSonora|DissenySonor|ProduccioEditorial|LecturaEnCatala|ExperienciaAuditiva;https://archive.org/compress/insomnia3_1603_librivox/formats=64KBPS MP3&file=/insomnia3_1603_librivox.zip;Històric;Kbps64;True;56888;Various;English;20
283;Short Poetry Collection 004;Various;0;;https://archive.org/compress/shortpoetry_004_librivox/formats=64KBPS MP3&file=/shortpoetry_004_librivox.zip;Ficció;Kbps360;True;2995;Various;English;20
284;Short Poetry Collection 005;Various;0;LletrAferit|VeuEnOff|NarracioIntegra|LecturaEnCatala;https://archive.org/compress/shortpoetry_005_librivox/formats=64KBPS MP3&file=/shortpoetry_005_librivox.zip;Ciència-ficció;Kbps96;True;2890;Various;English;20
285;Short Poetry Collection 006;Various;0;ExperienciaAuditiva|InterpretacioVocal|LletrAferit|EnregistramentEstudi|LecturaEnCatala|CulturaSonora;https://archive.org/compress/shortpoetry_006_librivox/formats=64KBPS MP3&file=/shortpoetry_006_librivox.zip;No-ficció;Kbps360;True;2515;Various;English;20
286;Short Poetry Collection 007;Various;0;;https://archive.org/compress/shortpoetry_007_librivox/formats=64KBPS MP3&file=/shortpoetry_007_librivox.zip;Ficció;Kbps128;True;2233;Various;English;20
287;Short Poetry Collection 008;Various;0;ProduccioEditorial|ExperienciaAuditiva|LletrAferit|CulturaSonora;https://archive.org/compress/shortpoetry_008_librivox/formats=64KBPS MP3&file=/shortpoetry_008_librivox.zip;Ficció;Kbps128;True;3513;Various;English;20
288;Short Poetry Collection 009;Various;0;LletrAferit|ExperienciaAuditiva|CulturaSonora|InterpretacioVocal|NarracioIntegra|ProduccioEditorial;https://archive.org/compress/short_poetry_009_librivox/formats=64KBPS MP3&file=/short_poetry_009_librivox.zip;Històric;Kbps360;True;2659;Various;Multilingual;20
289;Short Poetry Collection 010;Various;0;;https://archive.org/compress/shortpoetry_010_librivox/formats=64KBPS MP3&file=/shortpoetry_010_librivox.zip;Ficció;Kbps128;True;3176;Various;English;20
290;Short Poetry Collection 011;Various;0;;https://archive.org/compress/shortpoetry_011librivox/formats=64KBPS MP3&file=/shortpoetry_011librivox.zip;Fantasia;Kbps360;True;2083;Various;English;20
291;Short Poetry Collection 012;Various;0;AudioImmersiu|VeuNarrativa|CulturaSonora|NarracioIntegra;https://archive.org/compress/shortpoetry_012_librivox/formats=64KBPS MP3&file=/shortpoetry_012_librivox.zip;Biografia;Kbps128;True;1973;Various;English;20
292;Short Poetry Collection 013;Various;0;EnregistramentEstudi;https://archive.org/compress/shortpoetry_013_librivox/formats=64KBPS MP3&file=/shortpoetry_013_librivox.zip;Misteri;Kbps128;True;3108;Various;English;20
293;Short Poetry Collection 014;Various;0;EnregistramentEstudi|VeuNarrativa|VeuEnOff|ExperienciaAuditiva;https://archive.org/compress/shortpoetry_014_librivox/formats=64KBPS MP3&file=/shortpoetry_014_librivox.zip;Misteri;Kbps360;True;2142;Various;English;20
294;Short Poetry Collection 015;Various;0;VeuEnOff;https://archive.org/compress/shortpoetry_015_librivox/formats=64KBPS MP3&file=/shortpoetry_015_librivox.zip;Ficció;Kbps96;True;1363;Various;English;20
295;Short Poetry Collection 016;Various;0;;https://archive.org/compress/shortpoetry_016_librivox/formats=64KBPS MP3&file=/shortpoetry_016_librivox.zip;Ficció;Kbps360;True;1626;Various;English;20
296;Short Story Collection Vol. 001;Various;0;CulturaSonora;https://archive.org/compress/stories_001_librivox/formats=64KBPS MP3&file=/stories_001_librivox.zip;Ciència-ficció;Kbps96;True;20352;Various;English;10
297;Short Story Collection Vol. 002;Various;0;;https://archive.org/compress/stories_002_librivox/formats=64KBPS MP3&file=/stories_002_librivox.zip;Misteri;Kbps192;True;12882;Various;English;10
298;Short Story Collection Vol. 003;Various;0;VeuNarrativa|LletrAferit;https://archive.org/compress/stories_003_librivox/formats=64KBPS MP3&file=/stories_003_librivox.zip;Biografia;Kbps64;True;23352;Various;English;20
299;Short Story Collection Vol. 004;Various;0;;https://archive.org/compress/stories_004_librivox/formats=64KBPS MP3&file=/stories_004_librivox.zip;Històric;Kbps96;True;26873;Various;English;20
300;Short Story Collection Vol. 005;Various;0;;https://archive.org/compress/story_5_librivox/formats=64KBPS MP3&file=/story_5_librivox.zip;Ciència-ficció;Kbps128;True;25683;Various;English;20
301;Sky Island;L. Frank Baum;1912;InterpretacioVocal;https://archive.org/compress/sky_island_librivox/formats=64KBPS MP3&file=/sky_island_librivox.zip;Fantasia;Kbps192;True;20454;L. Frank Baum;English;30
302;Song (Donne version);John Donne;1896;EnregistramentEstudi|LecturaEnCatala|LletrAferit|ExperienciaAuditiva|DissenySonor|InterpretacioVocal;https://archive.org/compress/song_librivox/formats=64KBPS MP3&file=/song_librivox.zip;Ficció;Kbps64;True;621;John Donne;English;7
304;On Liberty;John Stuart Mill;1859;LecturaEnCatala|InterpretacioVocal|ProduccioEditorial|CulturaSonora|VeuNarrativa|ExperienciaAuditiva;https://archive.org/compress/on_liberty_librivox/formats=64KBPS MP3&file=/on_liberty_librivox.zip;No-ficció;Kbps96;True;19314;John Stuart Mill;English;6
305;Bible (DRV) Apocrypha/Deuterocanon: Judith;Douay-Rheims Version (DRV);1752;LletrAferit|CulturaSonora|AudioImmersiu|LecturaEnCatala|InterpretacioVocal|ExperienciaAuditiva;https://archive.org/compress/book_of_judith_librivox/formats=64KBPS MP3&file=/book_of_judith_librivox.zip;Ficció;Kbps128;True;4091;Douay-Rheims Version (DRV);English;2
306;Reginald;Saki;1904;AudioImmersiu|DissenySonor|CulturaSonora;https://archive.org/compress/reginald_0709_librivox/formats=64KBPS MP3&file=/reginald_0709_librivox.zip;Ciència-ficció;Kbps128;True;5887;Saki;English;15
308;Red House Mystery;A. A. Milne;1922;AudioImmersiu|ExperienciaAuditiva|NarracioIntegra|CulturaSonora;https://archive.org/compress/red_house_mystery_librivox/formats=64KBPS MP3&file=/red_house_mystery_librivox.zip;Històric;Kbps128;True;24946;A. A. Milne;English;22
309;Roughing It in the Bush;Susanna Moodie;1852;ExperienciaAuditiva|EnregistramentEstudi;https://archive.org/compress/roughing_in_bush_mf_librivox/formats=64KBPS MP3&file=/roughing_in_bush_mf_librivox.zip;Misteri;Kbps128;True;67682;Susanna Moodie;English;34
310;Faerie Queene  Book 1;Edmund Spenser;1590;CulturaSonora|AudioImmersiu;https://archive.org/compress/faeriequeene1_0906_librivox/formats=64KBPS MP3&file=/faeriequeene1_0906_librivox.zip;Fantasia;Kbps360;True;19327;Edmund Spenser;English;13
312;Chronicles of Canada Volume 01 - The Dawn of Canadian History: A Chronicle of Aboriginal Canada;Stephen Leacock;1914;LecturaEnCatala;https://archive.org/compress/aboriginal_canada/formats=64KBPS MP3&file=/aboriginal_canada.zip;Biografia;Kbps192;True;8041;Stephen Leacock;English;6
313;Chronicles of Canada Volume 02 - Mariner of St. Malo: A Chronicle of the Voyages of Jacques Cartier;Stephen Leacock;1914;CulturaSonora|ProduccioEditorial|DissenySonor;https://archive.org/compress/jacques_cartier/formats=64KBPS MP3&file=/jacques_cartier.zip;Ficció;Kbps128;True;8845;Stephen Leacock;English;10
314;Adventures of Sherlock Holmes;Sir Arthur Conan Doyle;1892;ProduccioEditorial|LletrAferit|DissenySonor|VeuEnOff|NarracioIntegra|LecturaEnCatala;https://archive.org/compress/adventures_holmes/formats=64KBPS MP3&file=/adventures_holmes.zip;Ciència-ficció;Kbps64;True;37079;Sir Arthur Conan Doyle;English;12
315;Bible (KJV) 19: Psalm 133;King James Version (KJV);1611;ProduccioEditorial;https://archive.org/compress/psalm_133_librivox/formats=64KBPS MP3&file=/psalm_133_librivox.zip;Ciència-ficció;Kbps192;True;374;King James Version (KJV);English;8
316;Our Mutual Friend;Charles Dickens;1865;CulturaSonora;https://archive.org/compress/our_mutual_friend_0707_librivox/formats=64KBPS MP3&file=/our_mutual_friend_0707_librivox.zip;Misteri;Kbps64;True;120364;Charles Dickens;English;68
317;Drei korte verhaole in 't Mestreechs;Alphonse Olterdissen;1920;NarracioIntegra|AudioImmersiu|VeuNarrativa;https://archive.org/compress/olterdissen/formats=64KBPS MP3&file=/olterdissen.zip;Misteri;Kbps96;True;2763;Alphonse Olterdissen;Dutch;3
318;Anne of Green Gables (version 4);Lucy Maud Montgomery;1908;InterpretacioVocal|VeuNarrativa;https://archive.org/compress/anne_gables_0808/formats=64KBPS MP3&file=/anne_gables_0808.zip;Històric;Kbps96;True;39142;Lucy Maud Montgomery;English;38
319;History of Holland;George Edmundson;1922;EnregistramentEstudi|LletrAferit|VeuEnOff|AudioImmersiu;https://archive.org/compress/history_of_holland__0707_librivox/formats=64KBPS MP3&file=/history_of_holland__0707_librivox.zip;Fantasia;Kbps96;True;71031;George Edmundson;English;37
320;Denslow's Three Bears;W. W. Denslow;1903;LecturaEnCatala|ExperienciaAuditiva|DissenySonor|CulturaSonora|VeuNarrativa|VeuEnOff;https://archive.org/compress/three_bears_librivox/formats=64KBPS MP3&file=/three_bears_librivox.zip;Fantasia;Kbps64;True;434;W. W. Denslow;English;1
321;Story of the Three Little Pigs;L. Leslie Brooke;1904;ExperienciaAuditiva|NarracioIntegra|EnregistramentEstudi|LecturaEnCatala|AudioImmersiu;https://archive.org/compress/three_little_pigs_librivox/formats=64KBPS MP3&file=/three_little_pigs_librivox.zip;Misteri;Kbps360;True;537;L. Leslie Brooke;English;1
322;Ghost Story Collection 002;Various;0;NarracioIntegra;https://archive.org/compress/ghost_stories_002_librivox/formats=64KBPS MP3&file=/ghost_stories_002_librivox.zip;Fantasia;Kbps360;True;16141;Various;English;10
323;Lost World;Sir Arthur Conan Doyle;1912;;https://archive.org/compress/lost_world_librivox/formats=64KBPS MP3&file=/lost_world_librivox.zip;Ficció;Kbps192;True;28801;Sir Arthur Conan Doyle;English;16
324;Bible (WEB) NT 04: John;World English Bible;0;ExperienciaAuditiva|AudioImmersiu|NarracioIntegra|CulturaSonora|EnregistramentEstudi|DissenySonor;https://archive.org/compress/book_john/formats=64KBPS MP3&file=/book_john.zip;Biografia;Kbps96;True;6505;World English Bible;English;21
325;Bible (KJV) NT 26: Jude;King James Version (KJV);1611;ProduccioEditorial|LletrAferit|LecturaEnCatala|EnregistramentEstudi|CulturaSonora;https://archive.org/compress/jude_kjv/formats=64KBPS MP3&file=/jude_kjv.zip;No-ficció;Kbps360;True;323;King James Version (KJV);English;1
327;Bible (KJV) NT 20: James;King James Version (KJV);1611;VeuEnOff|VeuNarrativa;https://archive.org/compress/james_kjv/formats=64KBPS MP3&file=/james_kjv.zip;Històric;Kbps192;True;980;King James Version (KJV);English;1
331;Rainbow Valley;Lucy Maud Montgomery;1919;AudioImmersiu|EnregistramentEstudi;https://archive.org/compress/rainbow_valley/formats=64KBPS MP3&file=/rainbow_valley.zip;Fantasia;Kbps360;True;31887;Lucy Maud Montgomery;English;35
332;Wonderful Wizard of Oz;L. Frank Baum;1900;InterpretacioVocal|ProduccioEditorial;https://archive.org/compress/wizard_of_oz/formats=64KBPS MP3&file=/wizard_of_oz.zip;Històric;Kbps64;True;13491;L. Frank Baum;English;25
333;Spoon River Anthology;Edgar Lee Masters;1916;LecturaEnCatala|NarracioIntegra|LletrAferit|ProduccioEditorial|InterpretacioVocal|VeuEnOff;https://archive.org/compress/spoon_river_librivox/formats=64KBPS MP3&file=/spoon_river_librivox.zip;Fantasia;Kbps192;True;22232;Edgar Lee Masters;English;246
334;Cow;Robert Louis Stevenson;1885;NarracioIntegra|AudioImmersiu|ProduccioEditorial|DissenySonor;https://archive.org/compress/cow_stevenson/formats=64KBPS MP3&file=/cow_stevenson.zip;Fantasia;Kbps64;True;532;Robert Louis Stevenson;English;14
335;Short Story Collection Vol. 007;Various;0;LletrAferit|InterpretacioVocal;https://archive.org/compress/short_story_007/formats=64KBPS MP3&file=/short_story_007.zip;Fantasia;Kbps128;True;23755;Various;English;20
336;Diary of a Nobody;George Grossmith;1892;VeuNarrativa|NarracioIntegra|InterpretacioVocal|DissenySonor|LletrAferit|ExperienciaAuditiva;https://archive.org/compress/diary_of_nobody_librivox/formats=64KBPS MP3&file=/diary_of_nobody_librivox.zip;Ficció;Kbps64;True;15712;George Grossmith;English;25
337;Emerald City of Oz;L. Frank Baum;1910;EnregistramentEstudi|CulturaSonora|VeuNarrativa;https://archive.org/compress/emerald_city_librivox/formats=64KBPS MP3&file=/emerald_city_librivox.zip;No-ficció;Kbps64;True;19597;L. Frank Baum;English;30
338;Flag Goes By;Henry Holcomb Bennett;1919;LletrAferit|NarracioIntegra|LecturaEnCatala|VeuEnOff|AudioImmersiu|InterpretacioVocal;https://archive.org/compress/flag_goes_by_librivox/formats=64KBPS MP3&file=/flag_goes_by_librivox.zip;Ficció;Kbps64;True;889;Henry Holcomb Bennett;English;10
340;Enchanted Island of Yew;L. Frank Baum;1903;;https://archive.org/compress/enchanted_island_yew_librivox/formats=64KBPS MP3&file=/enchanted_island_yew_librivox.zip;Misteri;Kbps192;True;16938;L. Frank Baum;English;15
341;Poems of Gerard Manley Hopkins;Robert Bridges;1918;;https://archive.org/compress/poems_gerard_hopkins_librivox/formats=64KBPS MP3&file=/poems_gerard_hopkins_librivox.zip;No-ficció;Kbps64;True;17639;Robert Bridges;English;19
342;Canterbury Tales;Geoffrey Chaucer;1870;VeuEnOff|ProduccioEditorial|CulturaSonora|DissenySonor|LecturaEnCatala|ExperienciaAuditiva;https://archive.org/compress/canterburytales_librivox/formats=64KBPS MP3&file=/canterburytales_librivox.zip;Històric;Kbps96;True;69799;Geoffrey Chaucer;English;29
344;Card;Arnold Bennett;1910;LletrAferit|VeuEnOff|LecturaEnCatala|DissenySonor;https://archive.org/compress/the_card_librivox/formats=64KBPS MP3&file=/the_card_librivox.zip;Ficció;Kbps64;True;28701;Arnold Bennett;English;12
345;Universal Declaration of Human Rights, Volume 01;United Nations;1948;VeuNarrativa|ProduccioEditorial;https://archive.org/compress/universal_declaration_librivox/formats=64KBPS MP3&file=/universal_declaration_librivox.zip;Ficció;Kbps360;True;23253;United Nations;Multilingual;24
346;Hamlet;William Shakespeare;1602;CulturaSonora|DissenySonor|NarracioIntegra|EnregistramentEstudi|VeuNarrativa|VeuEnOff;https://archive.org/compress/hamlet_0911_librivox/formats=64KBPS MP3&file=/hamlet_0911_librivox.zip;No-ficció;Kbps192;True;14000;William Shakespeare;English;6
347;Twelfth Night;William Shakespeare;1623;InterpretacioVocal|AudioImmersiu|VeuEnOff;https://archive.org/compress/twelfth_night_0906_librivox/formats=64KBPS MP3&file=/twelfth_night_0906_librivox.zip;Misteri;Kbps96;True;8665;William Shakespeare;English;5
348;Pirates of Penzance;W. S. Gilbert;1879;ProduccioEditorial;https://archive.org/compress/pirates_of_penzance_1204_librivox/formats=64KBPS MP3&file=/pirates_of_penzance_1204_librivox.zip;Biografia;Kbps64;True;5874;W. S. Gilbert;English;2
350;Absolute Surrender and Other Addresses;Andrew Murray;1895;InterpretacioVocal|NarracioIntegra|DissenySonor;https://archive.org/compress/absolute_surrender_librivox/formats=64KBPS MP3&file=/absolute_surrender_librivox.zip;Ciència-ficció;Kbps128;True;13945;Andrew Murray;English;9
351;Adventures of Pinocchio;Carlo Collodi;1883;CulturaSonora|LecturaEnCatala|AudioImmersiu;https://archive.org/compress/adventures_pinocchio_librivox/formats=64KBPS MP3&file=/adventures_pinocchio_librivox.zip;Fantasia;Kbps360;True;16538;Carlo Collodi;English;36
352;Little Lame Prince;Dinah Maria Mulock Craik;1875;InterpretacioVocal|AudioImmersiu|ExperienciaAuditiva|DissenySonor|VeuEnOff|EnregistramentEstudi;https://archive.org/compress/little_lame_prince_librivox/formats=64KBPS MP3&file=/little_lame_prince_librivox.zip;Misteri;Kbps64;True;16208;Dinah Maria Mulock Craik;English;15
353;Aesop's Fables, Volume 01 (Fables 1-25);Aesop;1912;VeuEnOff|LletrAferit;https://archive.org/compress/aesop_fables_volume_one_librivox/formats=64KBPS MP3&file=/aesop_fables_volume_one_librivox.zip;Biografia;Kbps192;True;2759;Aesop;English;25
354;Man Who Knew Too Much;G. K. Chesterton;1920;EnregistramentEstudi|ExperienciaAuditiva|VeuNarrativa;https://archive.org/compress/man_who_knew_librivox/formats=64KBPS MP3&file=/man_who_knew_librivox.zip;Ciència-ficció;Kbps360;True;20960;G. K. Chesterton;English;8
355;Marvelous Land of Oz;L. Frank Baum;1904;VeuEnOff|ProduccioEditorial|AudioImmersiu|CulturaSonora;https://archive.org/compress/marvelous_land_of_oz_librivox/formats=64KBPS MP3&file=/marvelous_land_of_oz_librivox.zip;Biografia;Kbps64;True;16366;L. Frank Baum;English;25
356;Aesop's Fables, Volume 10 (Fables 226-250);Aesop;1912;ProduccioEditorial;https://archive.org/compress/aesop_fables_volume_ten_librivox/formats=64KBPS MP3&file=/aesop_fables_volume_ten_librivox.zip;Biografia;Kbps192;True;1970;Aesop;English;25
357;Aesop's Fables, Volume 11 (Fables 251-275);Aesop;1912;DissenySonor|LecturaEnCatala|EnregistramentEstudi;https://archive.org/compress/aesop_fables_volume_eleven_librivox/formats=64KBPS MP3&file=/aesop_fables_volume_eleven_librivox.zip;Ficció;Kbps96;True;2158;Aesop;English;25
358;Open Library;Brewster Kahle;2005;LecturaEnCatala|DissenySonor|VeuEnOff|ExperienciaAuditiva|InterpretacioVocal;https://archive.org/compress/openlibraryvision/formats=64KBPS MP3&file=/openlibraryvision.zip;No-ficció;Kbps64;True;1047;Brewster Kahle;English;1
359;Aesop's Fables, Volume 12 (Fables 276-284);Aesop;1912;;https://archive.org/compress/aesop_fables_volume_twelve_librivox/formats=64KBPS MP3&file=/aesop_fables_volume_twelve_librivox.zip;Ficció;Kbps64;True;685;Aesop;English;9
360;Aesop's Fables, Volume 02 (Fables 26-50);Aesop;1912;ProduccioEditorial|AudioImmersiu|NarracioIntegra;https://archive.org/compress/aesop_fables_volume_two_librivox/formats=64KBPS MP3&file=/aesop_fables_volume_two_librivox.zip;Ciència-ficció;Kbps64;True;1971;Aesop;English;25
361;Owl and the Pussycat;Edward Lear;1871;LecturaEnCatala;https://archive.org/compress/owl_pussycat_librivox/formats=64KBPS MP3&file=/owl_pussycat_librivox.zip;Ficció;Kbps360;True;2258;Edward Lear;English;21
363;Uncle Remus;Joel Chandler Harris;1880;AudioImmersiu|VeuNarrativa|EnregistramentEstudi|ExperienciaAuditiva;https://archive.org/compress/uncle_remus_librivox/formats=64KBPS MP3&file=/uncle_remus_librivox.zip;Fantasia;Kbps192;True;22364;Joel Chandler Harris;English;46
364;Parenticide Club;Ambrose Bierce;1911;ProduccioEditorial|CulturaSonora|DissenySonor|LecturaEnCatala|VeuEnOff;https://archive.org/compress/parenticide_librivox/formats=64KBPS MP3&file=/parenticide_librivox.zip;Misteri;Kbps128;True;2930;Ambrose Bierce;English;1
365;Picture of Dorian Gray;Oscar Wilde;1891;VeuNarrativa|LecturaEnCatala|VeuEnOff|ProduccioEditorial;https://archive.org/compress/dorian_gray_librivox/formats=64KBPS MP3&file=/dorian_gray_librivox.zip;Fantasia;Kbps360;True;22292;Oscar Wilde;English;13
366;Pilgrim's Progress;John Bunyan;1684;DissenySonor|NarracioIntegra|AudioImmersiu|VeuNarrativa|CulturaSonora|InterpretacioVocal;https://archive.org/compress/pilgrims_progress_librivox/formats=64KBPS MP3&file=/pilgrims_progress_librivox.zip;Ciència-ficció;Kbps128;True;44938;John Bunyan;English;24
367;Prince and the Pauper;Mark Twain;1881;EnregistramentEstudi|LletrAferit;https://archive.org/compress/prince_and_pauper_librivox/formats=64KBPS MP3&file=/prince_and_pauper_librivox.zip;Fantasia;Kbps64;True;24944;Mark Twain;English;20
368;Prince;Niccolò Machiavelli;1908;ExperienciaAuditiva|EnregistramentEstudi|AudioImmersiu;https://archive.org/compress/prince_librivox/formats=64KBPS MP3&file=/prince_librivox.zip;Ciència-ficció;Kbps96;True;21274;Niccolò Machiavelli;English;16
369;Light Princess;George MacDonald;1864;EnregistramentEstudi|ProduccioEditorial|CulturaSonora|InterpretacioVocal;https://archive.org/compress/light_princess_librivox/formats=64KBPS MP3&file=/light_princess_librivox.zip;Biografia;Kbps96;True;6240;George MacDonald;English;15
370;Five Little Peppers and How They Grew;Margaret Sidney;1881;DissenySonor;https://archive.org/compress/five_little_peppers_grew_librivox/formats=64KBPS MP3&file=/five_little_peppers_grew_librivox.zip;Ciència-ficció;Kbps360;True;25424;Margaret Sidney;English;25
371;Lost Princess of Oz;L. Frank Baum;1917;EnregistramentEstudi|InterpretacioVocal;https://archive.org/compress/lost_princess_oz_librivox/formats=64KBPS MP3&file=/lost_princess_oz_librivox.zip;Històric;Kbps192;True;19345;L. Frank Baum;English;27
372;Anne of Green Gables (version 2);Lucy Maud Montgomery;1908;DissenySonor;https://archive.org/compress/anne_of_green_gables_2_librivox/formats=64KBPS MP3&file=/anne_of_green_gables_2_librivox.zip;Biografia;Kbps64;True;34483;Lucy Maud Montgomery;English;38
373;Jude the Obscure;Thomas Hardy;1895;ExperienciaAuditiva|ProduccioEditorial|DissenySonor|VeuNarrativa|LletrAferit;https://archive.org/compress/jude_the_obscure_librivox/formats=64KBPS MP3&file=/jude_the_obscure_librivox.zip;No-ficció;Kbps192;True;53609;Thomas Hardy;English;53
374;Byways Around San Francisco Bay;W. E. Hutchinson;1915;LecturaEnCatala|LletrAferit|ProduccioEditorial|NarracioIntegra|EnregistramentEstudi|CulturaSonora;https://archive.org/compress/byways_around_san_francisco_bay_librivox/formats=64KBPS MP3&file=/byways_around_san_francisco_bay_librivox.zip;Ciència-ficció;Kbps96;True;7543;W. E. Hutchinson;English;21
375;Grimms' Fairy Tales;Jacob & Wilhelm Grimm;1823;EnregistramentEstudi|LecturaEnCatala|LletrAferit|InterpretacioVocal|ProduccioEditorial|NarracioIntegra;https://archive.org/compress/grimms_english_librivox/formats=64KBPS MP3&file=/grimms_english_librivox.zip;Fantasia;Kbps64;True;37952;Jacob & Wilhelm Grimm;English;63
376;Fanny Hill: Memoirs of a Woman of Pleasure;John Cleland;1749;NarracioIntegra|LecturaEnCatala|AudioImmersiu;https://archive.org/compress/fanny_hill_librivox/formats=64KBPS MP3&file=/fanny_hill_librivox.zip;No-ficció;Kbps96;True;34050;John Cleland;English;10
377;Autobiography of Mother Jones;Mary Harris Jones;1925;EnregistramentEstudi|DissenySonor|VeuNarrativa|LecturaEnCatala|VeuEnOff;https://archive.org/compress/autobiography_jones_librivox/formats=64KBPS MP3&file=/autobiography_jones_librivox.zip;No-ficció;Kbps64;True;20372;Mary Harris Jones;English;27
378;Fire and Ice;Robert Frost;1920;NarracioIntegra|VeuEnOff|VeuNarrativa|LecturaEnCatala|EnregistramentEstudi;https://archive.org/compress/fire_and_ice_librivox/formats=64KBPS MP3&file=/fire_and_ice_librivox.zip;Misteri;Kbps96;True;945;Robert Frost;English;23
379;Fishing with a Worm;Bliss Perry;1904;CulturaSonora|AudioImmersiu|VeuNarrativa|LletrAferit|NarracioIntegra;https://archive.org/compress/fishing_worm_librivox/formats=64KBPS MP3&file=/fishing_worm_librivox.zip;Fantasia;Kbps360;True;1722;Bliss Perry;English;1
380;Five Children and It;E. Nesbit;1902;ProduccioEditorial|NarracioIntegra|LletrAferit|VeuEnOff|ExperienciaAuditiva|DissenySonor;https://archive.org/compress/fivechildren_librivox/formats=64KBPS MP3&file=/fivechildren_librivox.zip;No-ficció;Kbps64;True;20326;E. Nesbit;English;11
381;Frankenstein, or The Modern Prometheus;Mary Wollstonecraft Shelley;1818;LecturaEnCatala|VeuEnOff|CulturaSonora|InterpretacioVocal|AudioImmersiu;https://archive.org/compress/frankenstein_shelley/formats=64KBPS MP3&file=/frankenstein_shelley.zip;No-ficció;Kbps96;True;29808;Mary Wollstonecraft Shelley;English;22
382;Gods of Mars;Edgar Rice Burroughs;1918;DissenySonor|InterpretacioVocal|LletrAferit;https://archive.org/compress/gods_of_mars_librivox/formats=64KBPS MP3&file=/gods_of_mars_librivox.zip;Misteri;Kbps96;True;27710;Edgar Rice Burroughs;English;22
383;Ghost Stories of an Antiquary;M. R. James;1904;VeuEnOff|InterpretacioVocal|EnregistramentEstudi|DissenySonor|VeuNarrativa|LletrAferit;https://archive.org/compress/ghost_stories_antiquary_librivox/formats=64KBPS MP3&file=/ghost_stories_antiquary_librivox.zip;Misteri;Kbps360;True;36399;M. R. James;English;16
384;Give Me Liberty;Patrick Henry;1775;ProduccioEditorial;https://archive.org/compress/liberty_or_death_librivox/formats=64KBPS MP3&file=/liberty_or_death_librivox.zip;Fantasia;Kbps64;True;571;Patrick Henry;English;1
385;Great Big Treasury of Beatrix Potter;Beatrix Potter;0;VeuEnOff|ProduccioEditorial|ExperienciaAuditiva;https://archive.org/compress/potter_treasury_librivox/formats=64KBPS MP3&file=/potter_treasury_librivox.zip;Biografia;Kbps96;True;12711;Beatrix Potter;English;19
386;From October to Brest-Litovsk;Leon Trotsky;1918;AudioImmersiu|ProduccioEditorial;https://archive.org/compress/trotsky_brest-litovsk_librivox/formats=64KBPS MP3&file=/trotsky_brest-litovsk_librivox.zip;Misteri;Kbps192;True;14137;Leon Trotsky;English;27
387;Mansfield Park;Jane Austen;1814;;https://archive.org/compress/mansfield_park_librivox/formats=64KBPS MP3&file=/mansfield_park_librivox.zip;Misteri;Kbps192;True;57788;Jane Austen;English;48
388;Four Million;O. Henry;1906;AudioImmersiu|NarracioIntegra|VeuEnOff;https://archive.org/compress/four_million_librivox/formats=64KBPS MP3&file=/four_million_librivox.zip;No-ficció;Kbps192;True;19868;O. Henry;English;25
389;Gettysburg Address;Abraham Lincoln;1863;LletrAferit|VeuEnOff;https://archive.org/compress/gettysburg_shurtagal_librivox/formats=64KBPS MP3&file=/gettysburg_shurtagal_librivox.zip;Ficció;Kbps96;True;100;Abraham Lincoln;English;1
390;Gettysburg Address (version 2);Abraham Lincoln;1863;LecturaEnCatala|VeuEnOff|CulturaSonora;https://archive.org/compress/gettysburg_johng_librivox/formats=64KBPS MP3&file=/gettysburg_johng_librivox.zip;No-ficció;Kbps96;True;157;Abraham Lincoln;English;1
391;Gift of the Magi;O. Henry;1906;VeuNarrativa|CulturaSonora|LletrAferit|ExperienciaAuditiva;https://archive.org/compress/giftofmagi/formats=64KBPS MP3&file=/giftofmagi.zip;Històric;Kbps360;True;802;O. Henry;English;1
392;Golden Goose Book;L. Leslie Brooke;1905;ProduccioEditorial|AudioImmersiu|VeuEnOff;https://archive.org/compress/golden_goose_librivox/formats=64KBPS MP3&file=/golden_goose_librivox.zip;Ficció;Kbps360;True;1878;L. Leslie Brooke;English;4
393;Goop Directory;Frank Gelett Burgess;1913;NarracioIntegra|InterpretacioVocal|CulturaSonora|LletrAferit;https://archive.org/compress/goop_directory_librivox/formats=64KBPS MP3&file=/goop_directory_librivox.zip;Fantasia;Kbps128;True;823;Frank Gelett Burgess;English;1
394;Liaisons dangereuses;Pierre Choderlos de Laclos;1782;AudioImmersiu|LecturaEnCatala;https://archive.org/compress/liaisons_dangereuses_librivox/formats=64KBPS MP3&file=/liaisons_dangereuses_librivox.zip;Misteri;Kbps64;True;52281;Pierre Choderlos de Laclos;French;19
395;Purple Cow;Frank Gelett Burgess;1896;EnregistramentEstudi;https://archive.org/compress/purple_cow_librivox/formats=64KBPS MP3&file=/purple_cow_librivox.zip;No-ficció;Kbps64;True;510;Frank Gelett Burgess;English;9
396;Railway Bridge of the Silvery Tay;William Topaz McGonagall;1878;ExperienciaAuditiva|CulturaSonora|NarracioIntegra|DissenySonor|EnregistramentEstudi|LletrAferit;https://archive.org/compress/railway_bridge_of_the_silvery_tay_librivox/formats=64KBPS MP3&file=/railway_bridge_of_the_silvery_tay_librivox.zip;Ficció;Kbps64;True;1584;William Topaz McGonagall;English;9
397;Raven;Edgar Allan Poe;1845;LletrAferit;https://archive.org/compress/raven/formats=64KBPS MP3&file=/raven.zip;Misteri;Kbps128;True;570;Edgar Allan Poe;English;1
398;Return of the Native;Thomas Hardy;1878;AudioImmersiu|VeuEnOff|InterpretacioVocal|CulturaSonora|LletrAferit|ExperienciaAuditiva;https://archive.org/compress/return_native_librivox/formats=64KBPS MP3&file=/return_native_librivox.zip;Misteri;Kbps192;True;63322;Thomas Hardy;English;49
399;Rhodora;Ralph Waldo Emerson;1847;VeuEnOff|AudioImmersiu|InterpretacioVocal;https://archive.org/compress/rhodora_librivox/formats=64KBPS MP3&file=/rhodora_librivox.zip;Biografia;Kbps64;True;517;Ralph Waldo Emerson;English;6
