Id;Titol;Autor;AnyCreacio;Etiquetes;RutaFitxer;Amplada;Alçada;EspaiColor;ResolucioDPI;TipusCompressio;ModelCamera;OberturaDiafragma;ISO
iFx1WMvjvpw;Man picking fruit from a tree;;2025;BalançDeBlancs|RevelatDigital|RetratNarratiu|ComposicioVisual|ProfunditatDeCamp;https://images.unsplash.com/photo-1761839259494-71caddcdd6b3?crop=entropy&cs=tinysrgb&fit=max&fm=jpg&ixid=M3w4NzQwMzh8MXwxfGFsbHwxfHx8fHx8fHwxNzcxMDExODgwfA&ixlib=rb-4.1.0&q=80&w=1080;8192;5464;#738c40;150;TIFF;Fujifilm X-T4;8;200
IVMVephouOU;Golden sunset over the calm ocean with clouds;;2026;LlumNatural|RevelatDigital|ComposicioVisual|Enquadrament|Instantania|SensibilitatISO;https://images.unsplash.com/photo-1770009079291-82b8a594ee23?crop=entropy&cs=tinysrgb&fit=max&fm=jpg&ixid=M3w4NzQwMzh8MHwxfGFsbHwyfHx8fHx8fHwxNzcxMDExODgwfA&ixlib=rb-4.1.0&q=80&w=1080;2206;3130;#404040;72;JPEG;Canon EOS 5D;4;100
1QAVTXyzpsc;Sunlight glints off a canal with buildings and boat.;;2026;DistanciaFocal|Enquadrament;https://images.unsplash.com/photo-1770037367952-dcf2a9ea64c8?crop=entropy&cs=tinysrgb&fit=max&fm=jpg&ixid=M3w4NzQwMzh8MHwxfGFsbHwzfHx8fHx8fHwxNzcxMDExODgwfA&ixlib=rb-4.1.0&q=80&w=1080;4608;3456;#f3f3f3;300;JPEG;Nikon D850;4;400
tssWGRs-RWw;Rows of windows and air conditioning units on a building.;;2026;;https://images.unsplash.com/photo-1770064319334-2c61b12dd2cc?crop=entropy&cs=tinysrgb&fit=max&fm=jpg&ixid=M3w4NzQwMzh8MHwxfGFsbHw0fHx8fHx8fHwxNzcxMDExODgwfA&ixlib=rb-4.1.0&q=80&w=1080;5472;3648;#262626;72;TIFF;Fujifilm X-T4;5,6;400
dQ7t_s219Vg;Frozen riverbank with dark water and ice formations;;2026;SensibilitatISO|RevelatDigital;https://images.unsplash.com/photo-1770462988071-9206a6a2bb01?crop=entropy&cs=tinysrgb&fit=max&fm=jpg&ixid=M3w4NzQwMzh8MHwxfGFsbHw1fHx8fHx8fHwxNzcxMDExODgwfA&ixlib=rb-4.1.0&q=80&w=1080;3948;5272;#c0c0d9;96;WebP;Canon EOS 5D;1,8;1600
s7avhwAg060;Sunlight streams through a window onto a sofa.;;2026;SensibilitatISO;https://images.unsplash.com/photo-1770537255527-56276fcf82a7?crop=entropy&cs=tinysrgb&fit=max&fm=jpg&ixid=M3w4NzQwMzh8MHwxfGFsbHw2fHx8fHx8fHwxNzcxMDExODgwfA&ixlib=rb-4.1.0&q=80&w=1080;6336;9520;#260c0c;300;WebP;Fujifilm X-T4;8;1600
KGshpkjF5D0;Dining area with chairs around a table;;2026;DistanciaFocal|RetratNarratiu|SensibilitatISO;https://images.unsplash.com/photo-1770646305413-14b76d53a516?crop=entropy&cs=tinysrgb&fit=max&fm=jpg&ixid=M3w4NzQwMzh8MHwxfGFsbHw3fHx8fHx8fHwxNzcxMDExODgwfA&ixlib=rb-4.1.0&q=80&w=1080;3400;2267;#d9c0c0;150;TIFF;Leica M10;2,8;3200
DWv3vEGKW1E;Family riding in a utility vehicle through a field.;;2025;RevelatDigital;https://images.unsplash.com/photo-1761839257864-c6ccab7238de?crop=entropy&cs=tinysrgb&fit=max&fm=jpg&ixid=M3w4NzQwMzh8MXwxfGFsbHw4fHx8fHx8fHwxNzcxMDExODgwfA&ixlib=rb-4.1.0&q=80&w=1080;7730;5153;#d9f3f3;300;PNG;Canon EOS 5D;4;800
FYIR1MDv8wc;A textured golden bust with no facial features.;;2026;VelocitatDObturacio|DistanciaFocal|RetratNarratiu|ComposicioVisual|BalançDeBlancs;https://images.unsplash.com/photo-1770701229539-4edf982f3f17?crop=entropy&cs=tinysrgb&fit=max&fm=jpg&ixid=M3w4NzQwMzh8MHwxfGFsbHw5fHx8fHx8fHwxNzcxMDExODgwfA&ixlib=rb-4.1.0&q=80&w=1080;6697;8000;#260c0c;96;WebP;Leica M10;4;1600
uHVxeH_pOIc;Close-up of a pelican's head against a dark background;;2026;VelocitatDObturacio|SensibilitatISO;https://images.unsplash.com/photo-1770660284949-4f404bcd1192?crop=entropy&cs=tinysrgb&fit=max&fm=jpg&ixid=M3w4NzQwMzh8MHwxfGFsbHwxMHx8fHx8fHx8MTc3MTAxMTg4MHw&ixlib=rb-4.1.0&q=80&w=1080;6615;5292;#262626;96;WebP;Sony A7R;1,4;800
WAXtxq-RJas;People silhouetted against large window at sunset;;2026;RetratNarratiu|LlumNatural|ProfunditatDeCamp|SensibilitatISO|Fotometria|Instantania;https://images.unsplash.com/photo-1770665370506-d7ea87cb1261?crop=entropy&cs=tinysrgb&fit=max&fm=jpg&ixid=M3w4NzQwMzh8MHwxfGFsbHwxMXx8fHx8fHx8MTc3MTAxMTg4MHw&ixlib=rb-4.1.0&q=80&w=1080;3130;2075;#26260c;96;PNG;Nikon D850;8;400
j8SjCSSmvRQ;People surfing in the ocean at sunset with rocks.;;2026;RevelatDigital|BalançDeBlancs|ProfunditatDeCamp|LlumNatural;https://images.unsplash.com/photo-1770944661223-7311912db601?crop=entropy&cs=tinysrgb&fit=max&fm=jpg&ixid=M3w4NzQwMzh8MHwxfGFsbHwxMnx8fHx8fHx8MTc3MTAxMTg4MHw&ixlib=rb-4.1.0&q=80&w=1080;3796;5230;#f3f3d9;72;TIFF;Leica M10;2,8;1600
oVh_ORrVPyM;Woman in a fairy costume with wings and a light;;2026;RetratNarratiu|SensibilitatISO|LlumNatural|BalançDeBlancs|ProfunditatDeCamp;https://images.unsplash.com/photo-1770872937735-277e82b6de0f?crop=entropy&cs=tinysrgb&fit=max&fm=jpg&ixid=M3w4NzQwMzh8MHwxfGFsbHwxM3x8fHx8fHx8MTc3MTAxMTg4MHw&ixlib=rb-4.1.0&q=80&w=1080;4000;6000;#260c0c;300;JPEG;Sony A7R;2,8;400
j7Uv1Y_A7dY;Modern bathroom with double sinks and freestanding bathtub;;2026;RetratNarratiu|ComposicioVisual|SensibilitatISO|Instantania|Enquadrament;https://images.unsplash.com/photo-1770941450515-50f2b8ca380b?crop=entropy&cs=tinysrgb&fit=max&fm=jpg&ixid=M3w4NzQwMzh8MHwxfGFsbHwxNHx8fHx8fHx8MTc3MTAxMTg4MHw&ixlib=rb-4.1.0&q=80&w=1080;3400;2267;#a6a6a6;96;WebP;Sony A7R;2,8;1600
m9cBmbOQCmQ;Family cooking together in a bright kitchen.;;2025;LlumNatural;https://images.unsplash.com/photo-1761839258568-fd466a93f68b?crop=entropy&cs=tinysrgb&fit=max&fm=jpg&ixid=M3w4NzQwMzh8MXwxfGFsbHwxNXx8fHx8fHx8MTc3MTAxMTg4MHw&ixlib=rb-4.1.0&q=80&w=1080;8192;5464;#f3f3f3;150;TIFF;Fujifilm X-T4;5,6;800
7VTKbHqli9c;A delicate frosty plant in a winter landscape;;2026;RevelatDigital|BalançDeBlancs|ProfunditatDeCamp|ComposicioVisual|Enquadrament;https://images.unsplash.com/photo-1770674866926-99563864ce39?crop=entropy&cs=tinysrgb&fit=max&fm=jpg&ixid=M3w4NzQwMzh8MHwxfGFsbHwxNnx8fHx8fHx8MTc3MTAxMTg4MHw&ixlib=rb-4.1.0&q=80&w=1080;8256;5504;#c0c0c0;96;WebP;Sony A7R;2,8;400
5cwDZm0WU7Q;Traditional japanese storefront with yellow flowers.;;2026;SensibilitatISO|RetratNarratiu|RevelatDigital|BalançDeBlancs|Fotometria|Instantania;https://images.unsplash.com/photo-1770548037630-3d2a2a367ef5?crop=entropy&cs=tinysrgb&fit=max&fm=jpg&ixid=M3w4NzQwMzh8MHwxfGFsbHwxN3x8fHx8fHx8MTc3MTAxMTg4MHw&ixlib=rb-4.1.0&q=80&w=1080;5757;8650;#262626;150;WebP;Nikon D850;8;1600
VZ4AtWpuZl4;Snow covered trees in a serene winter forest;;2026;RetratNarratiu|SensibilitatISO|Fotometria|ProfunditatDeCamp|Instantania|DistanciaFocal;https://images.unsplash.com/photo-1770295149972-23080dee6040?crop=entropy&cs=tinysrgb&fit=max&fm=jpg&ixid=M3w4NzQwMzh8MHwxfGFsbHwxOHx8fHx8fHx8MTc3MTAxMTg4MHw&ixlib=rb-4.1.0&q=80&w=1080;6083;3422;#d9d9f3;150;PNG;Fujifilm X-T4;5,6;100
gjI-YoxuFys;Majestic mountains reflected in a serene lake at sunrise.;;2026;;https://images.unsplash.com/photo-1770341989953-f3efb336f7eb?crop=entropy&cs=tinysrgb&fit=max&fm=jpg&ixid=M3w4NzQwMzh8MHwxfGFsbHwxOXx8fHx8fHx8MTc3MTAxMTg4MHw&ixlib=rb-4.1.0&q=80&w=1080;8766;5361;#404040;150;WebP;Canon EOS 5D;5,6;3200
m8dglFjQm08;Snowy city street with tall buildings and cars.;;2026;Enquadrament|RetratNarratiu|ComposicioVisual|ProfunditatDeCamp;https://images.unsplash.com/photo-1770319125023-0c26b193507b?crop=entropy&cs=tinysrgb&fit=max&fm=jpg&ixid=M3w4NzQwMzh8MHwxfGFsbHwyMHx8fHx8fHx8MTc3MTAxMTg4MHw&ixlib=rb-4.1.0&q=80&w=1080;4000;6000;#8ca6a6;96;WebP;Fujifilm X-T4;5,6;200
ZdenpJd5zF4;Couple celebrating with champagne on the beach at night;;2026;DistanciaFocal;https://images.unsplash.com/photo-1770260311915-93917cbe06d0?crop=entropy&cs=tinysrgb&fit=max&fm=jpg&ixid=M3w4NzQwMzh8MHwxfGFsbHwyMXx8fHx8fHx8MTc3MTAxMTg4MHw&ixlib=rb-4.1.0&q=80&w=1080;3894;4867;#a68c73;96;TIFF;Canon EOS 5D;1,4;1600
TQSvFz7NHuo;Mailbox and sign for strawberry hill farm;;2025;SensibilitatISO|ProfunditatDeCamp|Enquadrament|RetratNarratiu|LlumNatural|VelocitatDObturacio;https://images.unsplash.com/photo-1761839259946-2d80f8e72e18?crop=entropy&cs=tinysrgb&fit=max&fm=jpg&ixid=M3w4NzQwMzh8MXwxfGFsbHwyMnx8fHx8fHx8MTc3MTAxMTg4MHw&ixlib=rb-4.1.0&q=80&w=1080;8640;5760;#d9f3f3;150;WebP;Canon EOS 5D;1,4;100
ymlIgfTVm8M;A drone hovers above a person's outstretched hand.;;2026;RevelatDigital|Enquadrament|ComposicioVisual|ProfunditatDeCamp;https://images.unsplash.com/photo-1770260071751-0711b6f26ff4?crop=entropy&cs=tinysrgb&fit=max&fm=jpg&ixid=M3w4NzQwMzh8MHwxfGFsbHwyM3x8fHx8fHx8MTc3MTAxMTg4MHw&ixlib=rb-4.1.0&q=80&w=1080;2218;2773;#8c8c8c;300;JPEG;Sony A7R;4;100
drg6s76J8YU;Man writing on a large 2026 calendar;;2026;Enquadrament|BalançDeBlancs|SensibilitatISO|VelocitatDObturacio|LlumNatural|Fotometria;https://images.unsplash.com/photo-1770250959829-de36726e99c4?crop=entropy&cs=tinysrgb&fit=max&fm=jpg&ixid=M3w4NzQwMzh8MHwxfGFsbHwyNHx8fHx8fHx8MTc3MTAxMTg4MHw&ixlib=rb-4.1.0&q=80&w=1080;7260;4840;#d9d9d9;96;TIFF;Leica M10;4;400
-pKhrem8YpE;Vibrant neon signs illuminate a city street at night.;;2026;BalançDeBlancs|RetratNarratiu|ComposicioVisual|DistanciaFocal|RevelatDigital;https://images.unsplash.com/photo-1770297345789-d72e0ac1d366?crop=entropy&cs=tinysrgb&fit=max&fm=jpg&ixid=M3w4NzQwMzh8MHwxfGFsbHwyNXx8fHx8fHx8MTc3MTAxMTg4MHw&ixlib=rb-4.1.0&q=80&w=1080;5280;3520;#0c2626;96;WebP;Canon EOS 5D;1,8;1600
Op4ZQvNmGuU;Cityscape at dusk with illuminated buildings and colorful sky.;;2026;;https://images.unsplash.com/photo-1770297346024-a562bdb33018?crop=entropy&cs=tinysrgb&fit=max&fm=jpg&ixid=M3w4NzQwMzh8MHwxfGFsbHwyNnx8fHx8fHx8MTc3MTAxMTg4MHw&ixlib=rb-4.1.0&q=80&w=1080;6000;4000;#0c2640;300;PNG;Nikon D850;1,8;200
s_AvvnQIan8;Colorful buildings line a beach below a rocky mountain.;;2026;ComposicioVisual|RevelatDigital;https://images.unsplash.com/photo-1770919582693-3c750861c887?crop=entropy&cs=tinysrgb&fit=max&fm=jpg&ixid=M3w4NzQwMzh8MHwxfGFsbHwyN3x8fHx8fHx8MTc3MTAxMTg4MHw&ixlib=rb-4.1.0&q=80&w=1080;6240;4160;#d9d9d9;300;JPEG;Nikon D850;2,8;3200
okm-A6ROIM8;Palm trees silhouetted against a sunset over the ocean.;;2026;VelocitatDObturacio|Enquadrament|Fotometria;https://images.unsplash.com/photo-1770934800594-f1deaef763bd?crop=entropy&cs=tinysrgb&fit=max&fm=jpg&ixid=M3w4NzQwMzh8MHwxfGFsbHwyOHx8fHx8fHx8MTc3MTAxMTg4MHw&ixlib=rb-4.1.0&q=80&w=1080;4826;7239;#d9c0a6;72;TIFF;Fujifilm X-T4;1,8;800
MjH55Ef3w_0;Small town street at dusk with american flags.;;2025;Instantania|SensibilitatISO|RetratNarratiu|Enquadrament|LlumNatural;https://images.unsplash.com/photo-1761839259488-2bdeeae794f5?crop=entropy&cs=tinysrgb&fit=max&fm=jpg&ixid=M3w4NzQwMzh8MXwxfGFsbHwyOXx8fHx8fHx8MTc3MTAxMTg4MHw&ixlib=rb-4.1.0&q=80&w=1080;8660;5773;#594040;300;TIFF;Nikon D850;5,6;200
cpHjqeTxRqc;Person standing in calm ocean water at the beach.;;2026;VelocitatDObturacio|DistanciaFocal|SensibilitatISO|Enquadrament|RetratNarratiu|Fotometria;https://images.unsplash.com/photo-1770425229252-5ec4b45ccc00?crop=entropy&cs=tinysrgb&fit=max&fm=jpg&ixid=M3w4NzQwMzh8MHwxfGFsbHwzMHx8fHx8fHx8MTc3MTAxMTg4MHw&ixlib=rb-4.1.0&q=80&w=1080;3648;5472;#d9f3f3;150;JPEG;Nikon D850;1,8;1600
MivRywDQOjs;Cracked ice pieces floating on dark water surface.;;2026;Enquadrament;https://images.unsplash.com/photo-1770462988117-3c5b483b1296?crop=entropy&cs=tinysrgb&fit=max&fm=jpg&ixid=M3w4NzQwMzh8MHwxfGFsbHwzMXx8fHx8fHx8MTc3MTAxMjAxMHw&ixlib=rb-4.1.0&q=80&w=1080;3948;5272;#0c2626;150;TIFF;Leica M10;5,6;400
l6x954tJsaA;Snowy mountain peak under a clear blue sky;;2026;ProfunditatDeCamp|BalançDeBlancs;https://images.unsplash.com/photo-1770909010343-47e39d4fa0b3?crop=entropy&cs=tinysrgb&fit=max&fm=jpg&ixid=M3w4NzQwMzh8MHwxfGFsbHwzMnx8fHx8fHx8MTc3MTAxMjAxMHw&ixlib=rb-4.1.0&q=80&w=1080;2240;3360;#d9d9c0;96;PNG;Nikon D850;8;1600
ALUeZh2Yrc8;Abstract swirling light trails in blues and yellows;;2026;RetratNarratiu|Enquadrament|ComposicioVisual;https://images.unsplash.com/photo-1770893977495-feb6fb036345?crop=entropy&cs=tinysrgb&fit=max&fm=jpg&ixid=M3w4NzQwMzh8MHwxfGFsbHwzM3x8fHx8fHx8MTc3MTAxMjAxMHw&ixlib=rb-4.1.0&q=80&w=1080;4160;6240;#0c2626;150;TIFF;Canon EOS 5D;1,8;800
asawyBuqn1s;Crowded beach with people swimming and sunbathing by the sea.;;2026;BalançDeBlancs|ProfunditatDeCamp;https://images.unsplash.com/photo-1770929356240-72cc21da6fd9?crop=entropy&cs=tinysrgb&fit=max&fm=jpg&ixid=M3w4NzQwMzh8MHwxfGFsbHwzNHx8fHx8fHx8MTc3MTAxMjAxMHw&ixlib=rb-4.1.0&q=80&w=1080;3750;5000;#d9d9d9;300;JPEG;Nikon D850;4;100
t58zQ9WtzEU;Sun setting behind snow-covered mountains;;2026;Enquadrament|Instantania|LlumNatural|ComposicioVisual|DistanciaFocal;https://images.unsplash.com/photo-1770920585508-f63a18f5bc32?crop=entropy&cs=tinysrgb&fit=max&fm=jpg&ixid=M3w4NzQwMzh8MHwxfGFsbHwzNXx8fHx8fHx8MTc3MTAxMjAxMHw&ixlib=rb-4.1.0&q=80&w=1080;4160;5200;#f3f3f3;72;TIFF;Leica M10;1,4;3200
5vVjIErxZlo;Woman using a laptop in a field;;2025;;https://images.unsplash.com/photo-1761839257144-297ce252742e?crop=entropy&cs=tinysrgb&fit=max&fm=jpg&ixid=M3w4NzQwMzh8MXwxfGFsbHwzNnx8fHx8fHx8MTc3MTAxMjAxMHw&ixlib=rb-4.1.0&q=80&w=1080;6192;4128;#f3f3f3;96;TIFF;Fujifilm X-T4;8;800
dwn1W-BWu3k;A dark road curves through a rocky cave tunnel.;;2026;ProfunditatDeCamp;https://images.unsplash.com/photo-1770768061898-6d5c4f5d77a5?crop=entropy&cs=tinysrgb&fit=max&fm=jpg&ixid=M3w4NzQwMzh8MHwxfGFsbHwzN3x8fHx8fHx8MTc3MTAxMjAxMHw&ixlib=rb-4.1.0&q=80&w=1080;2624;3936;#260c0c;72;PNG;Sony A7R;2,8;100
DWq15yE7080;Surfer catching a wave during a beautiful sunset.;;2025;;https://images.unsplash.com/photo-1741821159859-c129cf0289f2?crop=entropy&cs=tinysrgb&fit=max&fm=jpg&ixid=M3w4NzQwMzh8MHwxfGFsbHwzOHx8fHx8fHx8MTc3MTAxMjAxMHw&ixlib=rb-4.1.0&q=80&w=1080;2075;2594;#f3d9c0;300;JPEG;Sony A7R;4;100
MAMQUNO77fA;Modern architecture with glowing geometric ceiling lights;;2026;RetratNarratiu;https://images.unsplash.com/photo-1770816307489-86c2d684ace7?crop=entropy&cs=tinysrgb&fit=max&fm=jpg&ixid=M3w4NzQwMzh8MHwxfGFsbHwzOXx8fHx8fHx8MTc3MTAxMjAxMHw&ixlib=rb-4.1.0&q=80&w=1080;4085;6127;#262626;300;PNG;Leica M10;8;100
mX4Urv6nqOQ;Close-up of delicate pink flowers in soft focus;;2026;RevelatDigital|Enquadrament|Instantania|ComposicioVisual|ProfunditatDeCamp;https://images.unsplash.com/photo-1769867360185-0f91f999d571?crop=entropy&cs=tinysrgb&fit=max&fm=jpg&ixid=M3w4NzQwMzh8MHwxfGFsbHw0MHx8fHx8fHx8MTc3MTAxMjAxMHw&ixlib=rb-4.1.0&q=80&w=1080;4128;5159;#c0a6a6;150;PNG;Canon EOS 5D;1,8;100
YHKVnvCAU30;Snowy mountain range under a dark blue twilight sky.;;2026;ComposicioVisual|LlumNatural;https://images.unsplash.com/photo-1770793861392-5f0223651d19?crop=entropy&cs=tinysrgb&fit=max&fm=jpg&ixid=M3w4NzQwMzh8MHwxfGFsbHw0MXx8fHx8fHx8MTc3MTAxMjAxMHw&ixlib=rb-4.1.0&q=80&w=1080;5152;7728;#0c2640;72;TIFF;Nikon D850;4;200
LRC4KQ7kdB8;A small bird perched on a blooming cherry blossom branch.;;2026;;https://images.unsplash.com/photo-1770872686537-11a75a02c1cc?crop=entropy&cs=tinysrgb&fit=max&fm=jpg&ixid=M3w4NzQwMzh8MHwxfGFsbHw0Mnx8fHx8fHx8MTc3MTAxMjAxMHw&ixlib=rb-4.1.0&q=80&w=1080;4032;6048;#f3d9f3;300;TIFF;Fujifilm X-T4;1,4;100
UnSFmJCCrW0;Stylist drapes client with a black cape in salon.;;2025;VelocitatDObturacio|ProfunditatDeCamp|BalançDeBlancs|Fotometria;https://images.unsplash.com/photo-1761839256791-6a93f89fb8b0?crop=entropy&cs=tinysrgb&fit=max&fm=jpg&ixid=M3w4NzQwMzh8MXwxfGFsbHw0M3x8fHx8fHx8MTc3MTAxMjAxMHw&ixlib=rb-4.1.0&q=80&w=1080;4883;3255;#d9d9d9;300;WebP;Nikon D850;4;200
VmRQHXHfygw;Palm trees silhouetted against a vibrant sunset sky.;;2026;Instantania|DistanciaFocal|ProfunditatDeCamp|Enquadrament;https://images.unsplash.com/photo-1770838916964-0ae934bf7632?crop=entropy&cs=tinysrgb&fit=max&fm=jpg&ixid=M3w4NzQwMzh8MHwxfGFsbHw0NHx8fHx8fHx8MTc3MTAxMjAxMHw&ixlib=rb-4.1.0&q=80&w=1080;5152;7728;#f37359;72;PNG;Leica M10;2,8;3200
MOIGsaj8te0;Abstract flowing dark blue and white fabric texture;;2026;;https://images.unsplash.com/photo-1770885653473-ca48b4d69173?crop=entropy&cs=tinysrgb&fit=max&fm=jpg&ixid=M3w4NzQwMzh8MHwxfGFsbHw0NXx8fHx8fHx8MTc3MTAxMjAxMHw&ixlib=rb-4.1.0&q=80&w=1080;7680;4320;#0c2626;150;WebP;Canon EOS 5D;2,8;800
qyRn7-Yk2ws;A person walks down a snowy alley at night.;;2026;;https://images.unsplash.com/photo-1770217685932-5e20c643c4f6?crop=entropy&cs=tinysrgb&fit=max&fm=jpg&ixid=M3w4NzQwMzh8MHwxfGFsbHw0Nnx8fHx8fHx8MTc3MTAxMjAxMHw&ixlib=rb-4.1.0&q=80&w=1080;3840;2400;#262626;150;PNG;Nikon D850;1,8;800
97-blyf3IxE;Dramatic sunset over the ocean with rocky cliffs;;2026;RevelatDigital|ProfunditatDeCamp;https://images.unsplash.com/photo-1769334440627-35cbcbf3cadb?crop=entropy&cs=tinysrgb&fit=max&fm=jpg&ixid=M3w4NzQwMzh8MHwxfGFsbHw0N3x8fHx8fHx8MTc3MTAxMjAxMHw&ixlib=rb-4.1.0&q=80&w=1080;6240;4160;#262626;96;TIFF;Sony A7R;5,6;800
BMkqjU4x0EI;Woman in white sweater and leg warmers in snow;;2026;BalançDeBlancs|VelocitatDObturacio|Enquadrament;https://images.unsplash.com/photo-1770045518075-2ffa2c27ddfd?crop=entropy&cs=tinysrgb&fit=max&fm=jpg&ixid=M3w4NzQwMzh8MHwxfGFsbHw0OHx8fHx8fHx8MTc3MTAxMjAxMHw&ixlib=rb-4.1.0&q=80&w=1080;5464;8192;#c0c0c0;150;JPEG;Leica M10;2,8;3200
w_204Ua0OLc;Modern apartment building with balconies and windows;;2026;BalançDeBlancs|Enquadrament|Instantania;https://images.unsplash.com/photo-1770215962761-bd23387e33a5?crop=entropy&cs=tinysrgb&fit=max&fm=jpg&ixid=M3w4NzQwMzh8MHwxfGFsbHw0OXx8fHx8fHx8MTc3MTAxMjAxMHw&ixlib=rb-4.1.0&q=80&w=1080;3765;5647;#262626;300;TIFF;Canon EOS 5D;8;1600
BvZYHz9TeCk;A young girl eating a fresh peach outdoors.;;2025;;https://images.unsplash.com/photo-1761839258044-e59f324b5a7f?crop=entropy&cs=tinysrgb&fit=max&fm=jpg&ixid=M3w4NzQwMzh8MXwxfGFsbHw1MHx8fHx8fHx8MTc3MTAxMjAxMHw&ixlib=rb-4.1.0&q=80&w=1080;7064;4709;#26260c;96;WebP;Canon EOS 5D;1,8;100
U-CL393XlOw;Man in fur coat and tie leans against wooden wall;;2026;BalançDeBlancs|Fotometria|Enquadrament|LlumNatural|SensibilitatISO;https://images.unsplash.com/photo-1770191954590-7292ae57b6a5?crop=entropy&cs=tinysrgb&fit=max&fm=jpg&ixid=M3w4NzQwMzh8MHwxfGFsbHw1MXx8fHx8fHx8MTc3MTAxMjAxMHw&ixlib=rb-4.1.0&q=80&w=1080;3072;4608;#c0d9f3;300;TIFF;Leica M10;5,6;3200
A01xL-XBvQE;Neon signs illuminate a busy city street at night.;;2026;BalançDeBlancs|VelocitatDObturacio;https://images.unsplash.com/photo-1770297345804-e6af74ee764d?crop=entropy&cs=tinysrgb&fit=max&fm=jpg&ixid=M3w4NzQwMzh8MHwxfGFsbHw1Mnx8fHx8fHx8MTc3MTAxMjAxMHw&ixlib=rb-4.1.0&q=80&w=1080;5983;3989;#0c2626;300;TIFF;Leica M10;2,8;1600
ZtOMWExO7pA;Modern waiting area with large windows and seating.;;2026;;https://images.unsplash.com/photo-1770319125105-e69d454638d3?crop=entropy&cs=tinysrgb&fit=max&fm=jpg&ixid=M3w4NzQwMzh8MHwxfGFsbHw1M3x8fHx8fHx8MTc3MTAxMjAxMHw&ixlib=rb-4.1.0&q=80&w=1080;3537;5306;#262626;150;WebP;Canon EOS 5D;1,4;400
kiPmoETpNgA;Close-up of frozen water with ice crystals and bubbles;;2026;RetratNarratiu;https://images.unsplash.com/photo-1770462988079-4e7c2a1c7586?crop=entropy&cs=tinysrgb&fit=max&fm=jpg&ixid=M3w4NzQwMzh8MHwxfGFsbHw1NHx8fHx8fHx8MTc3MTAxMjAxMHw&ixlib=rb-4.1.0&q=80&w=1080;3948;5272;#73a6c0;96;JPEG;Nikon D850;8;400
eYrqa_3SinE;Beautiful sunset over the ocean.;;2025;Enquadrament|Instantania|RetratNarratiu;https://images.unsplash.com/photo-1741820983941-009a597f1db0?crop=entropy&cs=tinysrgb&fit=max&fm=jpg&ixid=M3w4NzQwMzh8MHwxfGFsbHw1NXx8fHx8fHx8MTc3MTAxMjAxMHw&ixlib=rb-4.1.0&q=80&w=1080;3922;5883;#0c2626;72;JPEG;Sony A7R;8;100
pUkKmWxdBqo;A person walks down a snowy street at night.;;2026;RevelatDigital|RetratNarratiu|VelocitatDObturacio|BalançDeBlancs;https://images.unsplash.com/photo-1770826173613-0a111734e3b2?crop=entropy&cs=tinysrgb&fit=max&fm=jpg&ixid=M3w4NzQwMzh8MHwxfGFsbHw1Nnx8fHx8fHx8MTc3MTAxMjAxMHw&ixlib=rb-4.1.0&q=80&w=1080;3840;2400;#262626;72;JPEG;Canon EOS 5D;2,8;400
1w3tO5F8HYY;Red trolley car driving down a tree-lined street.;;2025;DistanciaFocal;https://images.unsplash.com/photo-1761839258753-85d8eecbbc29?crop=entropy&cs=tinysrgb&fit=max&fm=jpg&ixid=M3w4NzQwMzh8MXwxfGFsbHw1N3x8fHx8fHx8MTc3MTAxMjAxMHw&ixlib=rb-4.1.0&q=80&w=1080;7067;4714;#d9d9c0;72;PNG;Leica M10;1,8;400
KMSWQ2hn1Bs;Abstract dark blue and green flowing fabric on white;;2026;LlumNatural|SensibilitatISO|Enquadrament|ProfunditatDeCamp;https://images.unsplash.com/photo-1770885653391-5cd1f045aba8?crop=entropy&cs=tinysrgb&fit=max&fm=jpg&ixid=M3w4NzQwMzh8MHwxfGFsbHw1OHx8fHx8fHx8MTc3MTAxMjAxMHw&ixlib=rb-4.1.0&q=80&w=1080;7680;4320;#f3f3f3;150;JPEG;Fujifilm X-T4;1,8;200
kQpoOC1GTAk;Surgeons in operating room with bright lights above.;;2026;;https://images.unsplash.com/photo-1770836037330-9184ab261ed0?crop=entropy&cs=tinysrgb&fit=max&fm=jpg&ixid=M3w4NzQwMzh8MHwxfGFsbHw1OXx8fHx8fHx8MTc3MTAxMjAxMHw&ixlib=rb-4.1.0&q=80&w=1080;4000;6000;#404040;72;PNG;Canon EOS 5D;8;200
Oh3vQqRu0WU;Winding dark pathway through snow near water;;2026;RevelatDigital|Fotometria|Instantania|SensibilitatISO;https://images.unsplash.com/photo-1770643770962-7937094987a9?crop=entropy&cs=tinysrgb&fit=max&fm=jpg&ixid=M3w4NzQwMzh8MHwxfGFsbHw2MHx8fHx8fHx8MTc3MTAxMjAxMHw&ixlib=rb-4.1.0&q=80&w=1080;4000;3000;#262626;300;TIFF;Sony A7R;4;1600
kAwBQz2pjTU;Modern apartment building with repeating balconies against dark sky;;2026;LlumNatural|VelocitatDObturacio|ComposicioVisual;https://images.unsplash.com/photo-1770279726839-f537f21c6d32?crop=entropy&cs=tinysrgb&fit=max&fm=jpg&ixid=M3w4NzQwMzh8MHwxfGFsbHw2MXx8fHx8fHx8MTc3MTAxMjA1NHw&ixlib=rb-4.1.0&q=80&w=1080;4551;6827;#262626;72;TIFF;Fujifilm X-T4;1,4;200
-FMBSd5ZPdk;Snow-covered evergreen trees on a misty winter day.;;2026;;https://images.unsplash.com/photo-1770490085047-1460359929e7?crop=entropy&cs=tinysrgb&fit=max&fm=jpg&ixid=M3w4NzQwMzh8MHwxfGFsbHw2Mnx8fHx8fHx8MTc3MTAxMjA1NHw&ixlib=rb-4.1.0&q=80&w=1080;5103;3827;#d9d9d9;150;PNG;Fujifilm X-T4;1,4;400
l0uhKKvNaak;Black and white portrait of a woman with dramatic lighting.;;2026;DistanciaFocal;https://images.unsplash.com/photo-1770296877116-c4973c84d339?crop=entropy&cs=tinysrgb&fit=max&fm=jpg&ixid=M3w4NzQwMzh8MHwxfGFsbHw2M3x8fHx8fHx8MTc3MTAxMjA1NHw&ixlib=rb-4.1.0&q=80&w=1080;3581;5371;#d9d9d9;150;WebP;Sony A7R;1,8;1600
7ddaKmX7Tow;Man holding tablet standing by a wooden fence outdoors;;2025;ComposicioVisual|LlumNatural|Enquadrament|RevelatDigital|RetratNarratiu;https://images.unsplash.com/photo-1761839257870-06874bda71b5?crop=entropy&cs=tinysrgb&fit=max&fm=jpg&ixid=M3w4NzQwMzh8MXwxfGFsbHw2NHx8fHx8fHx8MTc3MTAxMjA1NHw&ixlib=rb-4.1.0&q=80&w=1080;4175;2789;#f3f3f3;96;TIFF;Sony A7R;1,8;400
UxW63Tbtyjk;Close-up of a dark palm leaf with radiating lines;;2026;RetratNarratiu;https://images.unsplash.com/photo-1770308418146-0778dea60573?crop=entropy&cs=tinysrgb&fit=max&fm=jpg&ixid=M3w4NzQwMzh8MHwxfGFsbHw2NXx8fHx8fHx8MTc3MTAxMjA1NHw&ixlib=rb-4.1.0&q=80&w=1080;7008;4672;#262626;96;JPEG;Canon EOS 5D;5,6;100
zOswuW8kFhc;Glass block windows on a white building facade;;2026;VelocitatDObturacio|SensibilitatISO;https://images.unsplash.com/photo-1770504654725-9b64ccae2229?crop=entropy&cs=tinysrgb&fit=max&fm=jpg&ixid=M3w4NzQwMzh8MHwxfGFsbHw2Nnx8fHx8fHx8MTc3MTAxMjA1NHw&ixlib=rb-4.1.0&q=80&w=1080;4492;6774;#8c8c8c;300;JPEG;Leica M10;5,6;400
nnaphdlX1WY;Curving modern architecture with glass ceiling;;2026;RevelatDigital|VelocitatDObturacio;https://images.unsplash.com/photo-1769697705387-591bfddc2861?crop=entropy&cs=tinysrgb&fit=max&fm=jpg&ixid=M3w4NzQwMzh8MHwxfGFsbHw2N3x8fHx8fHx8MTc3MTAxMjA1NHw&ixlib=rb-4.1.0&q=80&w=1080;3648;5472;#262626;96;JPEG;Nikon D850;1,4;200
KE4bV4dKlwk;A woman with long, wavy hair in a black top.;;2026;LlumNatural|RetratNarratiu;https://images.unsplash.com/photo-1770576568718-6747e3d85de8?crop=entropy&cs=tinysrgb&fit=max&fm=jpg&ixid=M3w4NzQwMzh8MHwxfGFsbHw2OHx8fHx8fHx8MTc3MTAxMjA1NHw&ixlib=rb-4.1.0&q=80&w=1080;6336;9504;#c0c0c0;96;JPEG;Fujifilm X-T4;5,6;400
4iTQFfuiFzc;Cozy living room with sectional sofa and fireplace.;;2026;;https://images.unsplash.com/photo-1770736158887-9a0f3702416e?crop=entropy&cs=tinysrgb&fit=max&fm=jpg&ixid=M3w4NzQwMzh8MHwxfGFsbHw2OXx8fHx8fHx8MTc3MTAxMjA1NHw&ixlib=rb-4.1.0&q=80&w=1080;3400;2267;#8c7359;72;TIFF;Sony A7R;8;3200
RTESDadqR9I;A person walks on a snowy path through a forest.;;2026;SensibilitatISO|RevelatDigital|DistanciaFocal|RetratNarratiu;https://images.unsplash.com/photo-1770754288999-c545fc028b18?crop=entropy&cs=tinysrgb&fit=max&fm=jpg&ixid=M3w4NzQwMzh8MHwxfGFsbHw3MHx8fHx8fHx8MTc3MTAxMjA1NHw&ixlib=rb-4.1.0&q=80&w=1080;6128;8144;#0c2626;300;JPEG;Sony A7R;1,8;1600
A5xiXjyxmAU;Woman in salon gives peace sign towards camera;;2025;;https://images.unsplash.com/photo-1761839256840-7780a45b85dc?crop=entropy&cs=tinysrgb&fit=max&fm=jpg&ixid=M3w4NzQwMzh8MXwxfGFsbHw3MXx8fHx8fHx8MTc3MTAxMjA1NHw&ixlib=rb-4.1.0&q=80&w=1080;5199;3466;#262626;72;JPEG;Canon EOS 5D;5,6;800
yPXr1TdNL-U;Rugged mountain peaks under a cloudy sky;;2026;Instantania|Fotometria|RetratNarratiu|SensibilitatISO;https://images.unsplash.com/photo-1770753105322-fdca548966b0?crop=entropy&cs=tinysrgb&fit=max&fm=jpg&ixid=M3w4NzQwMzh8MHwxfGFsbHw3Mnx8fHx8fHx8MTc3MTAxMjA1NHw&ixlib=rb-4.1.0&q=80&w=1080;6336;9504;#26260c;150;JPEG;Sony A7R;1,8;100
amQ-Lri7snM;Two cans of karoo brew beer in ice;;2026;DistanciaFocal|BalançDeBlancs|Fotometria;https://images.unsplash.com/photo-1770230901490-a9e30b2f3e75?crop=entropy&cs=tinysrgb&fit=max&fm=jpg&ixid=M3w4NzQwMzh8MHwxfGFsbHw3M3x8fHx8fHx8MTc3MTAxMjA1NHw&ixlib=rb-4.1.0&q=80&w=1080;4000;6000;#f3f3f3;300;JPEG;Nikon D850;1,8;400
tJQlnPt1YuQ;Abstract streaks of light converge in a dark space.;;2026;BalançDeBlancs|SensibilitatISO|DistanciaFocal|RevelatDigital;https://images.unsplash.com/photo-1769762831308-bd5e5248de3b?crop=entropy&cs=tinysrgb&fit=max&fm=jpg&ixid=M3w4NzQwMzh8MHwxfGFsbHw3NHx8fHx8fHx8MTc3MTAxMjA1NHw&ixlib=rb-4.1.0&q=80&w=1080;7680;4320;#262626;72;PNG;Nikon D850;1,4;200
9GxWfpg8FbA;A view of a mountain with trees in the foreground;;2024;BalançDeBlancs|SensibilitatISO|DistanciaFocal|RevelatDigital;https://images.unsplash.com/photo-1729188430376-e3908f87e7f0?crop=entropy&cs=tinysrgb&fit=max&fm=jpg&ixid=M3w4NzQwMzh8MHwxfGFsbHw3NXx8fHx8fHx8MTc3MTAxMjA1NHw&ixlib=rb-4.1.0&q=80&w=1080;4842;3228;#f3f3f3;300;WebP;Leica M10;1,4;800
kow5jLC9IPI;Winding road through terraced hills at dusk;;2026;;https://images.unsplash.com/photo-1770027217960-a0a09e423b77?crop=entropy&cs=tinysrgb&fit=max&fm=jpg&ixid=M3w4NzQwMzh8MHwxfGFsbHw3Nnx8fHx8fHx8MTc3MTAxMjA1NHw&ixlib=rb-4.1.0&q=80&w=1080;5883;3927;#26260c;96;TIFF;Fujifilm X-T4;1,8;800
cweuVtdW1d0;Vibrant cityscape with illuminated skyscrapers at night;;2026;RevelatDigital|BalançDeBlancs|Instantania;https://images.unsplash.com/photo-1770215963091-e59d8947e4b1?crop=entropy&cs=tinysrgb&fit=max&fm=jpg&ixid=M3w4NzQwMzh8MHwxfGFsbHw3N3x8fHx8fHx8MTc3MTAxMjA1NHw&ixlib=rb-4.1.0&q=80&w=1080;6000;4000;#0c2640;96;JPEG;Fujifilm X-T4;2,8;100
mpKGpTdCI-E;Two women preparing food in a kitchen.;;2025;ComposicioVisual;https://images.unsplash.com/photo-1761839257845-9283b7d1b933?crop=entropy&cs=tinysrgb&fit=max&fm=jpg&ixid=M3w4NzQwMzh8MXwxfGFsbHw3OHx8fHx8fHx8MTc3MTAxMjA1NHw&ixlib=rb-4.1.0&q=80&w=1080;8192;5464;#c0c0c0;72;PNG;Fujifilm X-T4;8;100
4FGm3jtvUnI;Abstract metallic rings with glowing orb inside;;2026;ComposicioVisual;https://images.unsplash.com/photo-1770031079091-c6356e82ea9b?crop=entropy&cs=tinysrgb&fit=max&fm=jpg&ixid=M3w4NzQwMzh8MHwxfGFsbHw3OXx8fHx8fHx8MTc3MTAxMjA1NHw&ixlib=rb-4.1.0&q=80&w=1080;3840;2160;#262626;72;PNG;Fujifilm X-T4;8;200
U3xwEALCq5Q;Looking up through tall, misty trees in a dark forest;;2026;BalançDeBlancs|ProfunditatDeCamp;https://images.unsplash.com/photo-1770105328550-b0e90d770c17?crop=entropy&cs=tinysrgb&fit=max&fm=jpg&ixid=M3w4NzQwMzh8MHwxfGFsbHw4MHx8fHx8fHx8MTc3MTAxMjA1NHw&ixlib=rb-4.1.0&q=80&w=1080;6584;4389;#262626;96;WebP;Canon EOS 5D;1,4;800
tlvehmbP0ZM;A bustling street scene in a dense urban environment.;;2026;LlumNatural|DistanciaFocal|Fotometria;https://images.unsplash.com/photo-1770131101355-bf6959fbbcdf?crop=entropy&cs=tinysrgb&fit=max&fm=jpg&ixid=M3w4NzQwMzh8MHwxfGFsbHw4MXx8fHx8fHx8MTc3MTAxMjA1NHw&ixlib=rb-4.1.0&q=80&w=1080;4000;5000;#0c2626;72;JPEG;Leica M10;5,6;1600
0v-zmlHz74M;Person standing on a dock at sunset;;2026;ProfunditatDeCamp|DistanciaFocal|BalançDeBlancs|SensibilitatISO|VelocitatDObturacio;https://images.unsplash.com/photo-1770347258014-06c8acdb77c3?crop=entropy&cs=tinysrgb&fit=max&fm=jpg&ixid=M3w4NzQwMzh8MHwxfGFsbHw4Mnx8fHx8fHx8MTc3MTAxMjA1NHw&ixlib=rb-4.1.0&q=80&w=1080;3089;2048;#f3d9c0;72;WebP;Leica M10;1,4;200
B2T68Z6f2_U;Modern glass building with reflective facade;;2026;ComposicioVisual|RetratNarratiu|SensibilitatISO|VelocitatDObturacio|Instantania;https://images.unsplash.com/photo-1769953719710-5b9be66be834?crop=entropy&cs=tinysrgb&fit=max&fm=jpg&ixid=M3w4NzQwMzh8MHwxfGFsbHw4M3x8fHx8fHx8MTc3MTAxMjA1NHw&ixlib=rb-4.1.0&q=80&w=1080;4000;6000;#262626;96;JPEG;Sony A7R;2,8;400
hscOXkbEifE;A hand holds a vintage camera with a large lens.;;2026;SensibilitatISO|LlumNatural|DistanciaFocal|Enquadrament|ProfunditatDeCamp|Instantania;https://images.unsplash.com/photo-1770246875321-16e16c247ff7?crop=entropy&cs=tinysrgb&fit=max&fm=jpg&ixid=M3w4NzQwMzh8MHwxfGFsbHw4NHx8fHx8fHx8MTc3MTAxMjA1NHw&ixlib=rb-4.1.0&q=80&w=1080;3070;4605;#a68c73;96;TIFF;Leica M10;8;3200
rKdG42oAfSY;Young woman holding running shoes at track;;2025;Enquadrament|DistanciaFocal|SensibilitatISO;https://images.unsplash.com/photo-1761839257165-44f08ed617c7?crop=entropy&cs=tinysrgb&fit=max&fm=jpg&ixid=M3w4NzQwMzh8MXwxfGFsbHw4NXx8fHx8fHx8MTc3MTAxMjA1NHw&ixlib=rb-4.1.0&q=80&w=1080;4240;2832;#f3f3f3;300;TIFF;Nikon D850;2,8;800
e5pi0nt_UpI;Busy night market street lined with stalls and people;;2026;ProfunditatDeCamp|RevelatDigital|LlumNatural;https://images.unsplash.com/photo-1770297346253-f1255dd167dc?crop=entropy&cs=tinysrgb&fit=max&fm=jpg&ixid=M3w4NzQwMzh8MHwxfGFsbHw4Nnx8fHx8fHx8MTc3MTAxMjA1NHw&ixlib=rb-4.1.0&q=80&w=1080;4000;6000;#0c2626;300;WebP;Leica M10;8;400
WRg38tlUX2M;Modern white building with geometric balconies and windows;;2026;;https://images.unsplash.com/photo-1770743091031-ae421daf526d?crop=entropy&cs=tinysrgb&fit=max&fm=jpg&ixid=M3w4NzQwMzh8MHwxfGFsbHw4N3x8fHx8fHx8MTc3MTAxMjA1NHw&ixlib=rb-4.1.0&q=80&w=1080;3949;5265;#d9d9d9;72;PNG;Sony A7R;2,8;1600
-dy_tuTV4oo;Colorful buildings line a snowy canal with boats.;;2026;BalançDeBlancs|ProfunditatDeCamp|VelocitatDObturacio|Enquadrament;https://images.unsplash.com/photo-1770379837808-7264c6e3eb94?crop=entropy&cs=tinysrgb&fit=max&fm=jpg&ixid=M3w4NzQwMzh8MHwxfGFsbHw4OHx8fHx8fHx8MTc3MTAxMjA1NHw&ixlib=rb-4.1.0&q=80&w=1080;5152;7728;#d9c0c0;72;WebP;Sony A7R;1,8;200
vBtJYXG6yPA;Sunlight streams through a misty forest canopy.;;2026;;https://images.unsplash.com/photo-1770364360811-58c0fdb88f18?crop=entropy&cs=tinysrgb&fit=max&fm=jpg&ixid=M3w4NzQwMzh8MHwxfGFsbHw4OXx8fHx8fHx8MTc3MTAxMjA1NHw&ixlib=rb-4.1.0&q=80&w=1080;6515;4343;#0c2626;96;PNG;Nikon D850;4;400
377wpNK0_fM;Cracked ice fragments in shades of blue;;2026;DistanciaFocal|VelocitatDObturacio|RetratNarratiu|Fotometria|Instantania|ComposicioVisual;https://images.unsplash.com/photo-1770462988018-7d1c4b198ead?crop=entropy&cs=tinysrgb&fit=max&fm=jpg&ixid=M3w4NzQwMzh8MHwxfGFsbHw5MHx8fHx8fHx8MTc3MTAxMjA1NHw&ixlib=rb-4.1.0&q=80&w=1080;3948;5272;#40738c;96;PNG;Nikon D850;8;200
ghMXd_muObI;Mountain peak emerging from swirling clouds at sunrise.;;2026;BalançDeBlancs|RetratNarratiu|RevelatDigital|Fotometria;https://images.unsplash.com/photo-1770576626732-1074db4467af?crop=entropy&cs=tinysrgb&fit=max&fm=jpg&ixid=M3w4NzQwMzh8MHwxfGFsbHw5MXx8fHx8fHx8MTc3MTAxMjEwNnw&ixlib=rb-4.1.0&q=80&w=1080;5021;2824;#f3d9c0;150;PNG;Sony A7R;1,4;100
o8gGuhfjB2M;Three young people walk through a dry grassy field.;;2025;RetratNarratiu|DistanciaFocal;https://images.unsplash.com/photo-1761839258045-6ef373ab82a7?crop=entropy&cs=tinysrgb&fit=max&fm=jpg&ixid=M3w4NzQwMzh8MXwxfGFsbHw5Mnx8fHx8fHx8MTc3MTAxMjEwNnw&ixlib=rb-4.1.0&q=80&w=1080;8192;5464;#f3f3f3;96;TIFF;Fujifilm X-T4;4;1600
4tYCKtVrjzs;Modern dining table with chairs in sunlit room;;2026;;https://images.unsplash.com/photo-1770646403987-64cf5c08c870?crop=entropy&cs=tinysrgb&fit=max&fm=jpg&ixid=M3w4NzQwMzh8MHwxfGFsbHw5M3x8fHx8fHx8MTc3MTAxMjEwNnw&ixlib=rb-4.1.0&q=80&w=1080;2267;3400;#c0c0a6;96;TIFF;Sony A7R;1,4;100
_sfkIInPw9Y;Surfer holding surfboard on cliff overlooking ocean waves;;2026;ComposicioVisual|VelocitatDObturacio;https://images.unsplash.com/photo-1770670588069-821d14f2af5c?crop=entropy&cs=tinysrgb&fit=max&fm=jpg&ixid=M3w4NzQwMzh8MHwxfGFsbHw5NHx8fHx8fHx8MTc3MTAxMjEwNnw&ixlib=rb-4.1.0&q=80&w=1080;4102;5135;#f3f3d9;72;JPEG;Leica M10;4;3200
KZXEPxRRSWs;Red lanterns strung between buildings on a foggy day;;2026;ProfunditatDeCamp|RevelatDigital;https://images.unsplash.com/photo-1770679172678-bce697fe983e?crop=entropy&cs=tinysrgb&fit=max&fm=jpg&ixid=M3w4NzQwMzh8MHwxfGFsbHw5NXx8fHx8fHx8MTc3MTAxMjEwNnw&ixlib=rb-4.1.0&q=80&w=1080;3648;5472;#a6c0c0;96;PNG;Sony A7R;1,4;100
aDjny7Tl-00;Silhouette of a lit christmas tree against a cloudy sky.;;2026;DistanciaFocal|LlumNatural|SensibilitatISO|RetratNarratiu|ComposicioVisual;https://images.unsplash.com/photo-1770759789872-591eae6855d1?crop=entropy&cs=tinysrgb&fit=max&fm=jpg&ixid=M3w4NzQwMzh8MHwxfGFsbHw5Nnx8fHx8fHx8MTc3MTAxMjEwNnw&ixlib=rb-4.1.0&q=80&w=1080;2086;2533;#f3f3f3;72;PNG;Fujifilm X-T4;8;800
2F-m1FvoJT4;Silhouette trees against a colorful night sky;;2026;Enquadrament|LlumNatural|Fotometria;https://images.unsplash.com/photo-1770110000509-6c8298224699?crop=entropy&cs=tinysrgb&fit=max&fm=jpg&ixid=M3w4NzQwMzh8MHwxfGFsbHw5N3x8fHx8fHx8MTc3MTAxMjEwNnw&ixlib=rb-4.1.0&q=80&w=1080;7446;4964;#264040;300;JPEG;Leica M10;2,8;1600
_4I17uBqQ5A;Young woman with dark hair and bangs, wearing red.;;2026;SensibilitatISO|DistanciaFocal|BalançDeBlancs|RetratNarratiu|Instantania;https://images.unsplash.com/photo-1770135157320-68ecfe9cd608?crop=entropy&cs=tinysrgb&fit=max&fm=jpg&ixid=M3w4NzQwMzh8MHwxfGFsbHw5OHx8fHx8fHx8MTc3MTAxMjEwNnw&ixlib=rb-4.1.0&q=80&w=1080;5165;7747;#8c8ca6;300;TIFF;Leica M10;1,4;800
DdcWKBbJeEI;Tractor harvesting crops in a field;;2025;ComposicioVisual|Enquadrament|RetratNarratiu|Fotometria|Instantania;https://images.unsplash.com/photo-1761839257961-4dce65b72d99?crop=entropy&cs=tinysrgb&fit=max&fm=jpg&ixid=M3w4NzQwMzh8MXwxfGFsbHw5OXx8fHx8fHx8MTc3MTAxMjEwNnw&ixlib=rb-4.1.0&q=80&w=1080;6144;3456;#8c8c59;150;PNG;Leica M10;8;1600
QiUW3dfDVS0;Neon signs illuminate a busy street at night.;;2026;ComposicioVisual|VelocitatDObturacio|Enquadrament;https://images.unsplash.com/photo-1770297346180-6ae7191f0817?crop=entropy&cs=tinysrgb&fit=max&fm=jpg&ixid=M3w4NzQwMzh8MHwxfGFsbHwxMDB8fHx8fHx8fDE3NzEwMTIxMDZ8&ixlib=rb-4.1.0&q=80&w=1080;3796;5694;#262626;72;TIFF;Leica M10;5,6;100
sf5uKI1b5eY;Cracked ice floats on dark water surface;;2026;RetratNarratiu|RevelatDigital;https://images.unsplash.com/photo-1770462987947-1a7e1d7025b4?crop=entropy&cs=tinysrgb&fit=max&fm=jpg&ixid=M3w4NzQwMzh8MHwxfGFsbHwxMDF8fHx8fHx8fDE3NzEwMTIxMDZ8&ixlib=rb-4.1.0&q=80&w=1080;3948;5272;#0c2640;300;WebP;Sony A7R;4;100
i0V2AruNYQo;Woman with large sunglasses and jewelry touching her face;;2026;RetratNarratiu|ComposicioVisual|SensibilitatISO|VelocitatDObturacio|RevelatDigital|BalançDeBlancs;https://images.unsplash.com/photo-1770419252605-842922d2d6a3?crop=entropy&cs=tinysrgb&fit=max&fm=jpg&ixid=M3w4NzQwMzh8MHwxfGFsbHwxMDJ8fHx8fHx8fDE3NzEwMTIxMDZ8&ixlib=rb-4.1.0&q=80&w=1080;2624;3936;#f3f3f3;300;WebP;Canon EOS 5D;4;200
CjKc9tyzo0k;A person's legs submerged in clear blue water.;;2026;RevelatDigital|Fotometria|BalançDeBlancs;https://images.unsplash.com/photo-1770425033997-7110b9c23c9e?crop=entropy&cs=tinysrgb&fit=max&fm=jpg&ixid=M3w4NzQwMzh8MHwxfGFsbHwxMDN8fHx8fHx8fDE3NzEwMTIxMDZ8&ixlib=rb-4.1.0&q=80&w=1080;5472;3648;#0c598c;72;WebP;Leica M10;1,4;1600
8MbRTJdrc5g;Person standing by a futuristic vehicle on a salt flat.;;2026;Enquadrament|DistanciaFocal|BalançDeBlancs;https://images.unsplash.com/photo-1770663629791-1fc3d14017dc?crop=entropy&cs=tinysrgb&fit=max&fm=jpg&ixid=M3w4NzQwMzh8MHwxfGFsbHwxMDR8fHx8fHx8fDE3NzEwMTIxMDZ8&ixlib=rb-4.1.0&q=80&w=1080;4032;6048;#0c5973;96;TIFF;Sony A7R;5,6;400
tDL0gmzpppw;Pancakes with fruit and cream served outdoors;;2026;RetratNarratiu|Enquadrament|ProfunditatDeCamp|SensibilitatISO|RevelatDigital|Instantania;https://images.unsplash.com/photo-1769689461322-fa732e9df2ab?crop=entropy&cs=tinysrgb&fit=max&fm=jpg&ixid=M3w4NzQwMzh8MHwxfGFsbHwxMDV8fHx8fHx8fDE3NzEwMTIxMDZ8&ixlib=rb-4.1.0&q=80&w=1080;2075;3130;#0c260c;300;WebP;Fujifilm X-T4;5,6;200
-NwK3jWezuI;Elderly couple sitting together outdoors;;2025;;https://images.unsplash.com/photo-1761839257647-df30867afd54?crop=entropy&cs=tinysrgb&fit=max&fm=jpg&ixid=M3w4NzQwMzh8MXwxfGFsbHwxMDZ8fHx8fHx8fDE3NzEwMTIxMDZ8&ixlib=rb-4.1.0&q=80&w=1080;5472;3648;#c0a673;96;TIFF;Leica M10;8;3200
GTKYpujV1lQ;Framed art with vietnam text and beer mugs.;;2026;ProfunditatDeCamp|Instantania;https://images.unsplash.com/photo-1769701164899-5844b50c8aec?crop=entropy&cs=tinysrgb&fit=max&fm=jpg&ixid=M3w4NzQwMzh8MHwxfGFsbHwxMDd8fHx8fHx8fDE3NzEwMTIxMDZ8&ixlib=rb-4.1.0&q=80&w=1080;4515;3010;#c0c0a6;72;WebP;Sony A7R;1,4;400
QrkNjxts3qc;A quaint storefront with an arched entrance and display window;;2026;Enquadrament|SensibilitatISO|ComposicioVisual|LlumNatural|ProfunditatDeCamp;https://images.unsplash.com/photo-1769699077605-d07a1bdcc6a5?crop=entropy&cs=tinysrgb&fit=max&fm=jpg&ixid=M3w4NzQwMzh8MHwxfGFsbHwxMDh8fHx8fHx8fDE3NzEwMTIxMDZ8&ixlib=rb-4.1.0&q=80&w=1080;3716;4645;#c0a68c;72;JPEG;Fujifilm X-T4;2,8;1600
0od64wNWZgk;a bride and groom standing on the beach at sunset;;2024;VelocitatDObturacio|ProfunditatDeCamp|RetratNarratiu|LlumNatural|BalançDeBlancs|DistanciaFocal;https://images.unsplash.com/photo-1718421280278-4402ea0c00eb?crop=entropy&cs=tinysrgb&fit=max&fm=jpg&ixid=M3w4NzQwMzh8MHwxfGFsbHwxMDl8fHx8fHx8fDE3NzEwMTIxMDZ8&ixlib=rb-4.1.0&q=80&w=1080;5065;3377;#404040;96;PNG;Sony A7R;4;100
WtvfDmEqoNM;Two people walk with umbrellas on a rainy city street.;;2026;SensibilitatISO|Fotometria|ComposicioVisual;https://images.unsplash.com/photo-1769784496924-dd5a8e08e8f3?crop=entropy&cs=tinysrgb&fit=max&fm=jpg&ixid=M3w4NzQwMzh8MHwxfGFsbHwxMTB8fHx8fHx8fDE3NzEwMTIxMDZ8&ixlib=rb-4.1.0&q=80&w=1080;4085;6128;#0c2626;96;JPEG;Leica M10;5,6;100
tucQ4Iu_OXE;A boot stepping into fresh snow;;2026;SensibilitatISO|Enquadrament;https://images.unsplash.com/photo-1769788873006-b5dabec1cf38?crop=entropy&cs=tinysrgb&fit=max&fm=jpg&ixid=M3w4NzQwMzh8MHwxfGFsbHwxMTF8fHx8fHx8fDE3NzEwMTIxMDZ8&ixlib=rb-4.1.0&q=80&w=1080;4000;2700;#d9d9d9;72;TIFF;Leica M10;8;800
bnzK3Ndc0qY;Jagged rock formations silhouetted against a golden sunset sky.;;2026;LlumNatural;https://images.unsplash.com/photo-1769911646566-e2153ddb56d9?crop=entropy&cs=tinysrgb&fit=max&fm=jpg&ixid=M3w4NzQwMzh8MHwxfGFsbHwxMTJ8fHx8fHx8fDE3NzEwMTIxMDZ8&ixlib=rb-4.1.0&q=80&w=1080;8157;5441;#8c7359;300;JPEG;Canon EOS 5D;8;200
yPBP2u24rMs;Family interacts with a woman near a shed.;;2025;Enquadrament;https://images.unsplash.com/photo-1761839259112-aaea03db3633?crop=entropy&cs=tinysrgb&fit=max&fm=jpg&ixid=M3w4NzQwMzh8MXwxfGFsbHwxMTN8fHx8fHx8fDE3NzEwMTIxMDZ8&ixlib=rb-4.1.0&q=80&w=1080;7920;5280;#404026;96;TIFF;Canon EOS 5D;1,8;3200
CgHNmQ0c2w4;Black tote bag and caps hanging on hooks.;;2026;ProfunditatDeCamp|VelocitatDObturacio|Instantania;https://images.unsplash.com/photo-1770017863938-237bd953a6e6?crop=entropy&cs=tinysrgb&fit=max&fm=jpg&ixid=M3w4NzQwMzh8MHwxfGFsbHwxMTR8fHx8fHx8fDE3NzEwMTIxMDZ8&ixlib=rb-4.1.0&q=80&w=1080;5334;3551;#a6a68c;96;JPEG;Fujifilm X-T4;4;1600
k1WVgtr2zDA;A large format printer with paper and artwork.;;2026;Instantania;https://images.unsplash.com/photo-1770017863955-56a1501a3c93?crop=entropy&cs=tinysrgb&fit=max&fm=jpg&ixid=M3w4NzQwMzh8MHwxfGFsbHwxMTV8fHx8fHx8fDE3NzEwMTIxMDZ8&ixlib=rb-4.1.0&q=80&w=1080;3517;5283;#c0c0a6;72;PNG;Sony A7R;2,8;1600
Es--yoQocSM;Woman with red hair covering mouth with hair;;2026;Instantania|Fotometria|BalançDeBlancs;https://images.unsplash.com/photo-1770009079271-4c3764aabffa?crop=entropy&cs=tinysrgb&fit=max&fm=jpg&ixid=M3w4NzQwMzh8MHwxfGFsbHwxMTZ8fHx8fHx8fDE3NzEwMTIxMDZ8&ixlib=rb-4.1.0&q=80&w=1080;2207;3130;#404026;96;WebP;Nikon D850;8;3200
KaFfNTw8OYQ;Narrow canal between old european buildings;;2026;BalançDeBlancs|RevelatDigital|SensibilitatISO|Fotometria|DistanciaFocal|LlumNatural;https://images.unsplash.com/photo-1769945539465-dd1119f56f08?crop=entropy&cs=tinysrgb&fit=max&fm=jpg&ixid=M3w4NzQwMzh8MHwxfGFsbHwxMTd8fHx8fHx8fDE3NzEwMTIxMDZ8&ixlib=rb-4.1.0&q=80&w=1080;5152;7728;#f3d9d9;72;TIFF;Leica M10;5,6;800
78-DV905ZcA;Long empty road stretching into a snowy landscape;;2026;SensibilitatISO|Instantania|ComposicioVisual|Fotometria|Enquadrament;https://images.unsplash.com/photo-1769788873190-6ae0ba661bcc?crop=entropy&cs=tinysrgb&fit=max&fm=jpg&ixid=M3w4NzQwMzh8MHwxfGFsbHwxMTh8fHx8fHx8fDE3NzEwMTIxMDZ8&ixlib=rb-4.1.0&q=80&w=1080;4000;2700;#d9d9d9;300;PNG;Nikon D850;8;3200
Glx_NioZrG8;American football player in red uniform kneels on field.;;2026;DistanciaFocal|RetratNarratiu|Fotometria|Enquadrament|RevelatDigital|ProfunditatDeCamp;https://images.unsplash.com/photo-1770009534034-85be3c774f60?crop=entropy&cs=tinysrgb&fit=max&fm=jpg&ixid=M3w4NzQwMzh8MHwxfGFsbHwxMTl8fHx8fHx8fDE3NzEwMTIxMDZ8&ixlib=rb-4.1.0&q=80&w=1080;8736;11648;#264026;300;JPEG;Nikon D850;4;100
BlXa_riHlp4;Couple shopping for gourds at an outdoor market.;;2025;;https://images.unsplash.com/photo-1761839257664-ecba169506c1?crop=entropy&cs=tinysrgb&fit=max&fm=jpg&ixid=M3w4NzQwMzh8MXwxfGFsbHwxMjB8fHx8fHx8fDE3NzEwMTIxMDZ8&ixlib=rb-4.1.0&q=80&w=1080;4240;2832;#f3f3f3;300;TIFF;Nikon D850;1,8;100
gkzP5awCZAQ;Person works on laptop near large window with plants.;;2026;Fotometria|RetratNarratiu;https://images.unsplash.com/photo-1769950268368-f927c5cab379?crop=entropy&cs=tinysrgb&fit=max&fm=jpg&ixid=M3w4NzQwMzh8MHwxfGFsbHwxMjF8fHx8fHx8fDE3NzEwMTIxNDN8&ixlib=rb-4.1.0&q=80&w=1080;2075;2593;#f3f3f3;300;JPEG;Sony A7R;2,8;100
PULipCT3DTI;Red poppy flower in a field at sunset;;2026;SensibilitatISO|BalançDeBlancs;https://images.unsplash.com/photo-1770037947897-201aa3ca32d7?crop=entropy&cs=tinysrgb&fit=max&fm=jpg&ixid=M3w4NzQwMzh8MHwxfGFsbHwxMjJ8fHx8fHx8fDE3NzEwMTIxNDN8&ixlib=rb-4.1.0&q=80&w=1080;4000;6000;#f3f3f3;72;PNG;Nikon D850;1,4;1600
J2iptZU0-6U;Wooden cabin on a grassy hill with fog.;;2026;;https://images.unsplash.com/photo-1770035183754-40166582f83f?crop=entropy&cs=tinysrgb&fit=max&fm=jpg&ixid=M3w4NzQwMzh8MHwxfGFsbHwxMjN8fHx8fHx8fDE3NzEwMTIxNDN8&ixlib=rb-4.1.0&q=80&w=1080;4160;6240;#f3f3f3;150;JPEG;Sony A7R;1,8;400
BU4Zv7usvI8;People walk past a red taxi on a city street.;;2026;BalançDeBlancs|SensibilitatISO;https://images.unsplash.com/photo-1770045232290-e6ef3e939b26?crop=entropy&cs=tinysrgb&fit=max&fm=jpg&ixid=M3w4NzQwMzh8MHwxfGFsbHwxMjR8fHx8fHx8fDE3NzEwMTIxNDN8&ixlib=rb-4.1.0&q=80&w=1080;4980;3320;#262626;96;JPEG;Sony A7R;8;400
S1Cv0sXA7uI;Abstract painting with bold brushstrokes and vibrant colors;;2026;LlumNatural;https://images.unsplash.com/photo-1770129703548-e1ced0e4f118?crop=entropy&cs=tinysrgb&fit=max&fm=jpg&ixid=M3w4NzQwMzh8MHwxfGFsbHwxMjV8fHx8fHx8fDE3NzEwMTIxNDN8&ixlib=rb-4.1.0&q=80&w=1080;3543;4724;#26260c;96;JPEG;Sony A7R;8;100
nzkGVjsIkG8;Abstract iridescent glass shapes with rainbow reflections;;2026;Instantania;https://images.unsplash.com/photo-1770173047431-1af521ed5481?crop=entropy&cs=tinysrgb&fit=max&fm=jpg&ixid=M3w4NzQwMzh8MHwxfGFsbHwxMjZ8fHx8fHx8fDE3NzEwMTIxNDN8&ixlib=rb-4.1.0&q=80&w=1080;6075;4860;#267373;150;PNG;Fujifilm X-T4;5,6;100
bVNHkbf5BBs;Three smiling friends making heart shape with hands.;;2025;LlumNatural|BalançDeBlancs|Enquadrament|RetratNarratiu;https://images.unsplash.com/photo-1761839256601-e768233e25e7?crop=entropy&cs=tinysrgb&fit=max&fm=jpg&ixid=M3w4NzQwMzh8MXwxfGFsbHwxMjd8fHx8fHx8fDE3NzEwMTIxNDN8&ixlib=rb-4.1.0&q=80&w=1080;5620;3747;#26400c;150;PNG;Sony A7R;1,4;800
L5XvSaEDnMY;Symmetrical pink and white marbled abstract pattern;;2026;RetratNarratiu|DistanciaFocal|LlumNatural|Instantania;https://images.unsplash.com/photo-1770230081319-eb4645ae3d8d?crop=entropy&cs=tinysrgb&fit=max&fm=jpg&ixid=M3w4NzQwMzh8MHwxfGFsbHwxMjh8fHx8fHx8fDE3NzEwMTIxNDN8&ixlib=rb-4.1.0&q=80&w=1080;6000;3368;#d9a6a6;150;TIFF;Nikon D850;1,4;800
asZmkpKAvhc;Blue neon signs with chinese characters at night;;2026;VelocitatDObturacio|LlumNatural|RevelatDigital|ProfunditatDeCamp;https://images.unsplash.com/photo-1770297346174-42b41a98c990?crop=entropy&cs=tinysrgb&fit=max&fm=jpg&ixid=M3w4NzQwMzh8MHwxfGFsbHwxMjl8fHx8fHx8fDE3NzEwMTIxNDN8&ixlib=rb-4.1.0&q=80&w=1080;4000;6000;#0c2640;300;TIFF;Fujifilm X-T4;2,8;1600
j8Ydt-FP5rU;Silhouette of hills against a twilight sky;;2026;RetratNarratiu|LlumNatural;https://images.unsplash.com/photo-1770293798808-2cd38cd36e4c?crop=entropy&cs=tinysrgb&fit=max&fm=jpg&ixid=M3w4NzQwMzh8MHwxfGFsbHwxMzB8fHx8fHx8fDE3NzEwMTIxNDN8&ixlib=rb-4.1.0&q=80&w=1080;3840;2555;#0c2640;150;TIFF;Fujifilm X-T4;8;100
nFUl00OEGBk;A single blurred red tulip on a white background;;2026;RetratNarratiu|SensibilitatISO;https://images.unsplash.com/photo-1770650776137-d9e749697fc4?crop=entropy&cs=tinysrgb&fit=max&fm=jpg&ixid=M3w4NzQwMzh8MHwxfGFsbHwxMzF8fHx8fHx8fDE3NzEwMTIxNDN8&ixlib=rb-4.1.0&q=80&w=1080;6000;4000;#f3f3f3;150;PNG;Canon EOS 5D;8;100
7jg7Y_Mlf2Q;Woman standing in front of colorful apartment buildings;;2026;ComposicioVisual;https://images.unsplash.com/photo-1770064319797-2c156a2aaf1e?crop=entropy&cs=tinysrgb&fit=max&fm=jpg&ixid=M3w4NzQwMzh8MHwxfGFsbHwxMzJ8fHx8fHx8fDE3NzEwMTIxNDN8&ixlib=rb-4.1.0&q=80&w=1080;3598;5397;#c0c0c0;300;JPEG;Fujifilm X-T4;2,8;200
jKj_ujtUe6Q;Snow-capped mountains seen through an airplane window.;;2026;ProfunditatDeCamp|Fotometria|DistanciaFocal|BalançDeBlancs|SensibilitatISO|LlumNatural;https://images.unsplash.com/photo-1770126548552-c35de444a1c5?crop=entropy&cs=tinysrgb&fit=max&fm=jpg&ixid=M3w4NzQwMzh8MHwxfGFsbHwxMzN8fHx8fHx8fDE3NzEwMTIxNDN8&ixlib=rb-4.1.0&q=80&w=1080;3264;4896;#0c2626;96;TIFF;Leica M10;5,6;400
PCITNW3g85Q;Four friends climbing over a wooden fence outdoors;;2025;SensibilitatISO|Fotometria|DistanciaFocal;https://images.unsplash.com/photo-1761839262867-af53d08b0eb5?crop=entropy&cs=tinysrgb&fit=max&fm=jpg&ixid=M3w4NzQwMzh8MXwxfGFsbHwxMzR8fHx8fHx8fDE3NzEwMTIxNDN8&ixlib=rb-4.1.0&q=80&w=1080;8192;5464;#f3f3f3;150;WebP;Nikon D850;4;800
L8Abg5qytHo;Red taxi driving through a blurry neon city at night;;2026;Instantania|Enquadrament|Fotometria;https://images.unsplash.com/photo-1770297345796-8de4cf924c08?crop=entropy&cs=tinysrgb&fit=max&fm=jpg&ixid=M3w4NzQwMzh8MHwxfGFsbHwxMzV8fHx8fHx8fDE3NzEwMTIxNDN8&ixlib=rb-4.1.0&q=80&w=1080;6000;3617;#0c2626;300;PNG;Sony A7R;5,6;100
OSqQ3ugcYQU;A solitary lamppost stands in a snow-covered landscape;;2026;RevelatDigital;https://images.unsplash.com/photo-1770319127817-a70d6172442d?crop=entropy&cs=tinysrgb&fit=max&fm=jpg&ixid=M3w4NzQwMzh8MHwxfGFsbHwxMzZ8fHx8fHx8fDE3NzEwMTIxNDN8&ixlib=rb-4.1.0&q=80&w=1080;2986;3981;#d9d9d9;300;TIFF;Sony A7R;1,4;1600
N2AsOyPKnYc;Small wooden cabin nestled in a snowy forest.;;2026;Fotometria|RevelatDigital|Instantania|ProfunditatDeCamp|RetratNarratiu;https://images.unsplash.com/photo-1770281151839-51fcd6c94439?crop=entropy&cs=tinysrgb&fit=max&fm=jpg&ixid=M3w4NzQwMzh8MHwxfGFsbHwxMzd8fHx8fHx8fDE3NzEwMTIxNDN8&ixlib=rb-4.1.0&q=80&w=1080;4160;6240;#8c8c8c;96;TIFF;Canon EOS 5D;5,6;3200
P1gg8tchIQs;Red and white taxi drives past modern building arches.;;2026;RetratNarratiu|RevelatDigital|ComposicioVisual|VelocitatDObturacio|LlumNatural;https://images.unsplash.com/photo-1770386286788-cfd88b1d209f?crop=entropy&cs=tinysrgb&fit=max&fm=jpg&ixid=M3w4NzQwMzh8MHwxfGFsbHwxMzh8fHx8fHx8fDE3NzEwMTIxNDN8&ixlib=rb-4.1.0&q=80&w=1080;2771;4157;#f3f3f3;150;JPEG;Sony A7R;2,8;800
bYYV4fZ4uik;Four chairs by arched windows with lanterns;;2026;RetratNarratiu|LlumNatural|ComposicioVisual|VelocitatDObturacio;https://images.unsplash.com/photo-1770387200335-31ae84af6b40?crop=entropy&cs=tinysrgb&fit=max&fm=jpg&ixid=M3w4NzQwMzh8MHwxfGFsbHwxMzl8fHx8fHx8fDE3NzEwMTIxNDN8&ixlib=rb-4.1.0&q=80&w=1080;4244;2829;#f3f3f3;96;PNG;Nikon D850;8;100
OCUtDlFT5O4;Ornate building overlooks a european city with a river.;;2026;VelocitatDObturacio|ProfunditatDeCamp|RevelatDigital|Instantania|ComposicioVisual|RetratNarratiu;https://images.unsplash.com/photo-1770386085173-b7410ddc993c?crop=entropy&cs=tinysrgb&fit=max&fm=jpg&ixid=M3w4NzQwMzh8MHwxfGFsbHwxNDB8fHx8fHx8fDE3NzEwMTIxNDN8&ixlib=rb-4.1.0&q=80&w=1080;4000;6000;#c0d9d9;72;JPEG;Canon EOS 5D;1,8;800
k71TQkbVIgI;Children riding in a wagon with red buckets;;2025;ProfunditatDeCamp|RetratNarratiu|VelocitatDObturacio|Enquadrament|ComposicioVisual;https://images.unsplash.com/photo-1761839258289-72f12b0de058?crop=entropy&cs=tinysrgb&fit=max&fm=jpg&ixid=M3w4NzQwMzh8MXwxfGFsbHwxNDF8fHx8fHx8fDE3NzEwMTIxNDN8&ixlib=rb-4.1.0&q=80&w=1080;8640;5760;#d9f3f3;150;JPEG;Leica M10;1,8;200
CjZybibPk4w;People enjoying a sunny day at the beach.;;2026;VelocitatDObturacio|Instantania;https://images.unsplash.com/photo-1770407779123-8523d311c4b5?crop=entropy&cs=tinysrgb&fit=max&fm=jpg&ixid=M3w4NzQwMzh8MHwxfGFsbHwxNDJ8fHx8fHx8fDE3NzEwMTIxNDN8&ixlib=rb-4.1.0&q=80&w=1080;5444;3649;#d9d9d9;150;WebP;Leica M10;1,4;400
QjOiTg459jI;Layered blue mountains fade into a soft pink sky.;;2026;Fotometria|LlumNatural|ComposicioVisual|RevelatDigital|SensibilitatISO|VelocitatDObturacio;https://images.unsplash.com/photo-1770567351994-dd4a743ab1e6?crop=entropy&cs=tinysrgb&fit=max&fm=jpg&ixid=M3w4NzQwMzh8MHwxfGFsbHwxNDN8fHx8fHx8fDE3NzEwMTIxNDN8&ixlib=rb-4.1.0&q=80&w=1080;8192;5464;#f3d9d9;72;JPEG;Nikon D850;4;200
DJL9hZFCd4w;Ceiling covered in colorful anime and manga posters.;;2026;Fotometria|DistanciaFocal|LlumNatural;https://images.unsplash.com/photo-1770548037973-d64f8644dbd7?crop=entropy&cs=tinysrgb&fit=max&fm=jpg&ixid=M3w4NzQwMzh8MHwxfGFsbHwxNDR8fHx8fHx8fDE3NzEwMTIxNDN8&ixlib=rb-4.1.0&q=80&w=1080;5354;8045;#f3f3f3;72;TIFF;Leica M10;1,8;400
f0BKOe5J_Cg;Abstract pattern of ice with dark water pockets.;;2026;;https://images.unsplash.com/photo-1770562459383-255f853f5463?crop=entropy&cs=tinysrgb&fit=max&fm=jpg&ixid=M3w4NzQwMzh8MHwxfGFsbHwxNDV8fHx8fHx8fDE3NzEwMTIxNDN8&ixlib=rb-4.1.0&q=80&w=1080;3948;5272;#405973;72;PNG;Sony A7R;5,6;100
Sp-7ybOTmsU;Woman reflected in a truck's side mirror;;2026;Fotometria|BalançDeBlancs|RevelatDigital|VelocitatDObturacio|DistanciaFocal|ComposicioVisual;https://images.unsplash.com/photo-1770283553813-238f9500551d?crop=entropy&cs=tinysrgb&fit=max&fm=jpg&ixid=M3w4NzQwMzh8MHwxfGFsbHwxNDZ8fHx8fHx8fDE3NzEwMTIxNDN8&ixlib=rb-4.1.0&q=80&w=1080;2624;3936;#a6d9f3;72;TIFF;Leica M10;5,6;3200
3ntLwP6bEQw;Abstract pattern of white wavy vertical architectural elements;;2026;;https://images.unsplash.com/photo-1770477479851-a882bfdc219d?crop=entropy&cs=tinysrgb&fit=max&fm=jpg&ixid=M3w4NzQwMzh8MHwxfGFsbHwxNDd8fHx8fHx8fDE3NzEwMTIxNDN8&ixlib=rb-4.1.0&q=80&w=1080;5640;8141;#c0d9d9;150;JPEG;Canon EOS 5D;2,8;200
D43JYb0yTKU;Athletes resting on a track after training.;;2025;;https://images.unsplash.com/photo-1761839256547-0a1cd11b6dfb?crop=entropy&cs=tinysrgb&fit=max&fm=jpg&ixid=M3w4NzQwMzh8MXwxfGFsbHwxNDh8fHx8fHx8fDE3NzEwMTIxNDN8&ixlib=rb-4.1.0&q=80&w=1080;4240;2832;#f3f3f3;72;JPEG;Leica M10;4;100
SG6d3jYqx0U;Dark blue water with gentle ripples;;2026;RevelatDigital|RetratNarratiu|ProfunditatDeCamp|SensibilitatISO|Instantania;https://images.unsplash.com/photo-1770479314185-3bfe403e722c?crop=entropy&cs=tinysrgb&fit=max&fm=jpg&ixid=M3w4NzQwMzh8MHwxfGFsbHwxNDl8fHx8fHx8fDE3NzEwMTIxNDN8&ixlib=rb-4.1.0&q=80&w=1080;4160;6240;#c0c0c0;72;WebP;Sony A7R;1,4;800
5lCeUTg1_Bs;Ice floes scattered on dark water;;2026;SensibilitatISO|RetratNarratiu|ProfunditatDeCamp|Enquadrament|BalançDeBlancs;https://images.unsplash.com/photo-1770462988083-3ec3a5b0a38b?crop=entropy&cs=tinysrgb&fit=max&fm=jpg&ixid=M3w4NzQwMzh8MHwxfGFsbHwxNTB8fHx8fHx8fDE3NzEwMTIxNDN8&ixlib=rb-4.1.0&q=80&w=1080;3948;5272;#0c2626;72;JPEG;Sony A7R;1,4;400