Id;Titol;Autor;AnyCreacio;Etiquetes;RutaFitxer;Idioma;NombreParaules;Editorial;ISBN_ISSN;Pagines;TipusProjeccio;Escala;RegioGeografica;DimensionsFisiques
2158;Noah Smith;Ralph Earl American, 1751–1801;1798;;https://www.artic.edu/iiif/2/59bf5216-383d-c2d4-912a-f8cfcbdaa55a/full/843,/0/default.jpg;Català;1000;Institut Cartogràfic;978-1-96236-134-1;4;Mercator;1:25000;Bennington;70x100 cm
15132;Sampler (Map);England;1800;;https://www.artic.edu/iiif/2/bb513b07-82c7-cdd3-cca3-1fe729bc82e5/full/843,/0/default.jpg;Castellà;500;Institut Cartogràfic;978-9-15279-293-4;4;Cilíndrica;1:500000;England;70x100 cm
15114;Russo-Japanese War (Handkerchief);Russia;19;AnalisiEspacial|CartografiaHistorica|ProjeccioCartografica|RelleuITopografia;https://www.artic.edu/iiif/2/4c27424d-affd-946e-4515-31a072d9e545/full/843,/0/default.jpg;Català;500;Editorial Maps;978-5-12000-879-3;4;Conic;1:50000;Russia;60x80 cm
196347;Plan of Chicago, Chicago, Illinois, Diagram Showing City Growth;Daniel Hudson Burnham (American, 1846-1912) Edward Herbert Bennett (American, born England, 1874-1954);1909;Georeferenciacio|CartografiaHistorica;https://www.artic.edu/iiif/2/8da8a9e1-48f7-9bc1-982a-2206dae4f522/full/843,/0/default.jpg;Alemany;500;National Geographic;978-8-59362-974-6;4;Mercator;1:50000;Chicago;60x80 cm
16398;The Music Lesson;Jacob Ochtervelt (Dutch, 1634-1682);1671;Batimetria|EscalaVisual|LlegendaTematica;https://www.artic.edu/iiif/2/c6c6a21a-b985-35d9-b0ef-a2b798ad9fba/full/843,/0/default.jpg;Alemany;2000;Editorial Maps;978-7-66518-890-3;3;Conic;1:10000;Holland;100x140 cm
14859;The Map;Mary Cassatt American, 1844-1926;1890;ProjeccioCartografica|AnalisiEspacial|RelleuITopografia;https://www.artic.edu/iiif/2/4ed40b57-8c92-9f36-2cd6-08573d25ab35/full/843,/0/default.jpg;Francès;2000;Editorial Maps;978-8-22621-375-2;4;Azimutal;1:500000;United States;120x160 cm
77855;Map of North America (Handkerchief);Engraved by R. Gray (Scottish, 1811) after Robert Wilkinson (1804) Scotland, Glasgow;1811;EscalaVisual;https://www.artic.edu/iiif/2/64bbfef9-22b3-b339-77de-ec0de0b1b672/full/843,/0/default.jpg;Català;2000;National Geographic;978-2-50739-582-8;1;Azimutal;1:25000;Glasgow;70x100 cm
98705;Two Maps I;Jasper Johns (American, born 1930) published by Universal Limited Art Editions (American, founded 1955) printed by Ben Berns;1965;Georeferenciacio|EscalaVisual|CartografiaHistorica|LlegendaTematica|ProjeccioCartografica;https://www.artic.edu/iiif/2/6f82c731-2be0-7d16-8bf8-a764a082dc3a/full/843,/0/default.jpg;Castellà;1000;National Geographic;978-4-82303-825-6;3;Robinson;1:250000;United States;70x100 cm
185220;The Campus Martius of Ancient Rome, the Work of G.B. Piranesi, Fellow of the Royal Society of Antiquaries, London;Giovanni Battista Piranesi Italian, 1720-1778;1762;XarxaGeodesica|ProjeccioCartografica;https://www.artic.edu/iiif/2/3a30e920-6603-5906-2156-da570a1bf896/full/843,/0/default.jpg;Francès;1500;Institut Cartogràfic;978-4-18819-199-0;3;Mercator;1:250000;Italy;120x160 cm
104656;Map of the Middle West;Europe or United States;1931;ProjeccioCartografica|SistemesDInformacioGeografica|Batimetria|XarxaGeodesica;https://www.artic.edu/iiif/2/92a67358-af12-dc83-7a16-dcbadbf69b18/full/843,/0/default.jpg;Alemany;2000;Editorial Maps;978-6-56435-824-3;4;Robinson;1:25000;Europe;60x80 cm
69186;Map;Zeke Berman American, born 1951;1979;SistemesDInformacioGeografica;https://www.artic.edu/iiif/2/a76b27b1-2386-1240-aa11-d72992eda9ad/full/843,/0/default.jpg;Català;2000;Institut Cartogràfic;978-5-63816-740-7;3;Azimutal;1:25000;United States;120x160 cm
157065;Map of North America;Abelardo Morell American, born Cuba 1948;1996;XarxaGeodesica|Batimetria|ProjeccioCartografica;https://www.artic.edu/iiif/2/c8c41a4f-6907-a0bb-249e-a8d7e96d54d8/full/843,/0/default.jpg;Anglès;1000;National Geographic;978-6-21519-690-7;2;Estereogràfica;1:10000;United States;60x80 cm
158432;Map Quilt;Indiana, United States;1920;Batimetria|EscalaVisual|LlegendaTematica|AnalisiEspacial;https://www.artic.edu/iiif/2/937122df-86a1-d7db-f210-69a9f5353448/full/843,/0/default.jpg;Català;500;Editorial Maps;978-9-78580-128-7;2;Conic;1:500000;Indiana;90x120 cm
198976;Camouflage House, Burr Ridge, Illinois, Model;Architecture Garofalo Leary (American, 1990-1992) Douglas Garofalo (American, 1958-2011) David Leary (American, born 1956);1991;Georeferenciacio|DadesVectorials|SistemesDInformacioGeografica|LlegendaTematica|RelleuITopografia;https://www.artic.edu/iiif/2/934a57ff-b343-afae-935a-46be8f666293/full/843,/0/default.jpg;Francès;750;GeoPress;978-8-87860-965-9;1;Cilíndrica;1:100000;Burr Ridge;90x120 cm
206414;Atlas of the Conflict: Israel-Palestine;Malkit Shoshan (Israeli, born 1976) Joost Grootens (Dutch, born 1971) Published by 010 Publishers (Dutch, founded c. 1982);2010;LlegendaTematica|EscalaVisual|XarxaGeodesica|RelleuITopografia;https://www.artic.edu/iiif/2/67725541-0646-ca62-fc00-547d598f5de1/full/843,/0/default.jpg;Alemany;2000;Editorial Maps;978-8-24056-798-9;2;Estereogràfica;1:500000;Netherlands;120x160 cm
23430;Map Sampler;England;1800;ProjeccioCartografica;https://www.artic.edu/iiif/2/4039e7c8-ad12-1a73-e32e-56d75e612e35/full/843,/0/default.jpg;Anglès;2000;Editorial Maps;978-5-97624-178-7;4;Mercator;1:25000;England;70x100 cm
147431;New Tokyo City Hall: Design Drawings. Tokyo, Japan.;Tange, Kenzo, Associates (Japan. 20th Cent.) Kenzo Tange (Japanese, 1913-2005);1991;SistemesDInformacioGeografica|Georeferenciacio;https://www.artic.edu/iiif/2/35f56f50-ecc7-3125-9e20-67b1556b4740/full/843,/0/default.jpg;Francès;2000;National Geographic;978-3-14790-174-5;3;Robinson;1:100000;Tokyo;90x120 cm
23436;Panel (Map);England;1784;Georeferenciacio|SistemesDInformacioGeografica;https://www.artic.edu/iiif/2/2dbcd989-298b-e731-cfeb-69745336e044/full/843,/0/default.jpg;Castellà;750;Institut Cartogràfic;978-8-79374-602-7;1;Robinson;1:100000;England;70x100 cm
153679;Untitled Book;Jolanta Rudzka-Habisiak (Polish, born 1958) Poland;1999;Georeferenciacio|DadesVectorials|RelleuITopografia;https://www.artic.edu/iiif/2/499d6b22-08c8-e1dc-de22-5a38b9e71197/full/843,/0/default.jpg;Francès;750;GeoPress;978-6-30551-950-5;4;Cilíndrica;1:500000;Poland;60x80 cm
98715;Two Maps II;Jasper Johns (American, born 1930) printed by Ben Berns published by Universal Limited Art Editions (American, founded 1955);1966;EscalaVisual|XarxaGeodesica|ProjeccioCartografica|SistemesDInformacioGeografica|Batimetria|RelleuITopografia;https://www.artic.edu/iiif/2/ecce6494-000a-587c-7b06-fcd300e42fc8/full/843,/0/default.jpg;Francès;1500;National Geographic;978-3-21887-333-3;4;Estereogràfica;1:250000;United States;100x140 cm
204512;Metropolitan World Atlas;Joost Grootens Dutch, born 1971  Published by 010 Publishers Dutch, founded c. 1982  Written by Arjen van Susteren;2005;SistemesDInformacioGeografica|RelleuITopografia|ProjeccioCartografica|Batimetria|DadesVectorials|Georeferenciacio;https://www.artic.edu/iiif/2/5ab07d9c-6be9-672e-9237-4498c080e5d7/full/843,/0/default.jpg;Català;750;Institut Cartogràfic;978-4-49277-231-5;4;Azimutal;1:100000;;90x120 cm
156053;Mapping;Lynne Brown American, born 1951;1996;AnalisiEspacial|CartografiaHistorica|DigitalitzacioDelTerreny|XarxaGeodesica|LlegendaTematica;https://www.artic.edu/iiif/2/0fcd8dee-5432-0e9b-4e40-484c6590be0e/full/843,/0/default.jpg;Castellà;500;GeoPress;978-8-69670-437-7;1;Azimutal;1:250000;United States;90x120 cm
241948;Mexico 68 Olympics Transport Map Poster;Lance Wyman (American, born 1937) Eduardo Terrazas (Mexican, born 1936) Commissioned by the Department of Publications and Urban Design, Organizing Committee of the XIX Olympiad;1968;XarxaGeodesica|Georeferenciacio|LlegendaTematica;https://www.artic.edu/iiif/2/b4caf910-6441-1ead-c943-9c44c94a4934/full/843,/0/default.jpg;Francès;2000;Editorial Maps;978-7-62009-613-4;2;Robinson;1:250000;United States;90x120 cm
18654;Panther Springing out of a Tree;Max Slevogt (German, 1868-1932) James Fenimore Cooper (American, 1789-1851);1910;;https://www.artic.edu/iiif/2/a1388958-d4c4-9993-23d8-ef96988631a4/full/843,/0/default.jpg;Català;750;National Geographic;978-8-80998-960-2;4;Robinson;1:250000;Germany;120x160 cm
196336;Plate 75 from The Plan of Chicago, 1909: Chicago. Diagram of the City, Showing Complete System of Inner Circuits;Daniel Hudson Burnham, American, 1846-1912 Edward Herbert Bennett, American, born England, 1874-1954;1909;CartografiaHistorica|DigitalitzacioDelTerreny|XarxaGeodesica|RelleuITopografia;https://www.artic.edu/iiif/2/a0479061-7814-1834-8a19-8ac6279f56a2/full/843,/0/default.jpg;Alemany;1000;National Geographic;978-6-17820-346-7;3;Robinson;1:100000;Chicago;70x100 cm
20268;Handkerchief;England;1856;LlegendaTematica;https://www.artic.edu/iiif/2/26fbc48c-9d1e-e1ea-a3e6-e3c95349ac17/full/843,/0/default.jpg;Alemany;1500;National Geographic;978-2-85327-398-3;2;Mercator;1:10000;England;90x120 cm
106549;Celestial Map of the Southern Sky (Imagines coeli meridionales);Albrecht Dürer German, 1471-1528;1515;CartografiaHistorica|ProjeccioCartografica|DadesVectorials|Batimetria;https://www.artic.edu/iiif/2/981a34ff-c78a-95b1-e4b0-aea7d42b0140/full/843,/0/default.jpg;Català;1500;Institut Cartogràfic;978-6-13589-304-3;4;Mercator;1:25000;Germany;90x120 cm
71978;Reclining Nude;Max Beckmann German, 1884–1950;1929;LlegendaTematica|Batimetria|Georeferenciacio|DadesVectorials|ProjeccioCartografica;https://www.artic.edu/iiif/2/28f20fcd-a5b3-04b3-2dc9-4c5c79ff7b6b/full/843,/0/default.jpg;Francès;1000;Institut Cartogràfic;978-5-61525-722-6;1;Estereogràfica;1:100000;Germany;70x100 cm
77982;By Paying Us Your Pennies;MacDonald Gill (English, 1884-1947) printed by Westminster Press;1914;CartografiaHistorica|AnalisiEspacial|DadesVectorials;https://www.artic.edu/iiif/2/ef368952-990a-acc9-bcda-6efd08967081/full/843,/0/default.jpg;Anglès;750;GeoPress;978-3-39449-724-3;3;Mercator;1:25000;England;100x140 cm
84241;Self-Portrait;Max Beckmann German, 1884–1950;1937;XarxaGeodesica|RelleuITopografia;https://www.artic.edu/iiif/2/44df6514-9aef-8327-98e2-82a852c22132/full/843,/0/default.jpg;Castellà;750;Institut Cartogràfic;978-8-96751-330-1;1;Robinson;1:25000;Germany;70x100 cm
106550;Celestial Map of the Northern Sky with the Twelve Zodiac Signs;Albrecht Dürer German, 1471-1528;1515;Georeferenciacio;https://www.artic.edu/iiif/2/8d78cb88-9377-3e24-c62c-9bcc16ac3920/full/843,/0/default.jpg;Francès;500;GeoPress;978-9-25547-525-4;1;Cilíndrica;1:500000;Germany;120x160 cm
185760;Forest and Sun;Max Ernst French, born Germany, 1891–1976;1927;Georeferenciacio|DadesVectorials|EscalaVisual;https://www.artic.edu/iiif/2/7a5e992d-7930-7148-8511-674df16a1773/full/843,/0/default.jpg;Català;1500;National Geographic;978-5-86327-633-3;2;Mercator;1:250000;;90x120 cm
196332;Plan of Chicago, Chicago, Illinois, Railroad Circuits Diagram;Daniel Hudson Burnham (American, 1846-1912) Edward Herbert Bennett (American, born England, 1874-1954);1909;CartografiaHistorica|EscalaVisual|RelleuITopografia;https://www.artic.edu/iiif/2/be9ed8a8-62d9-8fde-7ffb-29d9361d5cee/full/843,/0/default.jpg;Anglès;1500;Editorial Maps;978-1-59987-363-0;2;Robinson;1:500000;Chicago;120x160 cm
159823;United States, from the Mexican Series;Rosângela Rennó Brazilian, born 1962;1997;Georeferenciacio|XarxaGeodesica;https://www.artic.edu/iiif/2/2cf49d1b-3dad-8dd3-abc7-59317978462e/full/843,/0/default.jpg;Alemany;2000;National Geographic;978-6-62643-365-8;1;Robinson;1:100000;Brazil;90x120 cm
119117;Exquisite Corpse;Man Ray (Emmanuel Radnitzky) (American, 1890-1976) Joan Miró (Spanish, 1893-1983) Yves Tanguy (American, born France, 1900-1955)  Max Morise (French, 1900-1973);1928;LlegendaTematica|ProjeccioCartografica|RelleuITopografia;https://www.artic.edu/iiif/2/33274c49-5f6d-798b-6ab4-f8ef8a7667c6/full/843,/0/default.jpg;Català;1500;Institut Cartogràfic;978-9-96111-656-3;1;Cilíndrica;1:100000;France;60x80 cm
98708;Two Maps I-II;Jasper Johns (American, born 1930) published by Universal Limited Art Editions (American, founded 1955) printed by Ben Berns;1965;RelleuITopografia;https://www.artic.edu/iiif/2/a24fd98a-9213-e326-4e82-4a48cf708d57/full/843,/0/default.jpg;Castellà;1500;GeoPress;978-5-28179-587-1;3;Cilíndrica;1:250000;United States;70x100 cm
11078;Dark Encounter;Max Kahn American, born Russia, 1902-2005;0;RelleuITopografia;https://www.artic.edu/iiif/2/37a6a0ff-541e-88d0-43a9-066483a7df6f/full/843,/0/default.jpg;Anglès;1500;Institut Cartogràfic;978-7-78104-718-2;3;Azimutal;1:25000;United States;60x80 cm
145243;Spanish Physician;Max Ernst French, born Germany, 1891–1976;1940;LlegendaTematica|XarxaGeodesica;https://www.artic.edu/iiif/2/6e955343-deb7-ad17-e7be-4db9a06a2e83/full/843,/0/default.jpg;Castellà;500;Editorial Maps;978-2-39923-357-7;2;Azimutal;1:500000;United States;60x80 cm
185759;Halleluiah;Max Ernst French, born Germany, 1891–1976;1948;ProjeccioCartografica|Batimetria|AnalisiEspacial|DigitalitzacioDelTerreny|LlegendaTematica|RelleuITopografia;https://www.artic.edu/iiif/2/6ee6a8f6-cc94-f9ff-5bfa-784a461fc5df/full/843,/0/default.jpg;Anglès;750;Institut Cartogràfic;978-1-74368-412-1;1;Conic;1:10000;;60x80 cm
118691;Garden Airplane-Trap;Max Ernst French, born Germany, 1891–1976;1935;DigitalitzacioDelTerreny|LlegendaTematica|AnalisiEspacial|RelleuITopografia|ProjeccioCartografica|SistemesDInformacioGeografica;https://www.artic.edu/iiif/2/583859c3-cf78-288f-dd2d-78a364b07d49/full/843,/0/default.jpg;Català;1500;Institut Cartogràfic;978-1-41856-195-3;3;Mercator;1:50000;United States;70x100 cm
10210;Self-Portrait in Bowler Hat;Max Beckmann (German, 1884-1950) published by I. B. Neumann (German);1921;SistemesDInformacioGeografica|DigitalitzacioDelTerreny|Batimetria|CartografiaHistorica;https://www.artic.edu/iiif/2/3ddb1532-54ff-af5f-0c13-e2c62914df51/full/843,/0/default.jpg;Castellà;1500;National Geographic;978-7-48258-761-5;1;Robinson;1:250000;Germany;120x160 cm
196346;Plate 80 from The Plan of Chicago, 1909: Chicago. Diagram of City Center, Showing the Proposed Arrangement of Railroad Passenger Stations, the Complete Traction System, Including Rapid Transit, Subway, and Elevated Roads, and the Circuit Subway Line.;Daniel Hudson Burnham, American, 1846-1912 Edward Herbert Bennett, American, born England, 1874-1954;1909;LlegendaTematica|Batimetria|EscalaVisual|RelleuITopografia|DigitalitzacioDelTerreny;https://www.artic.edu/iiif/2/44fb60db-abc6-50fb-4b56-f865ddb9665c/full/843,/0/default.jpg;Castellà;1500;Institut Cartogràfic;978-4-47404-753-4;4;Conic;1:100000;Chicago;100x140 cm
196335;Plate 74 from The Plan of Chicago,1909: Chicago. Diagram of the City Center, Showing the General Location of Existing Freight Yards and Railroad Lines, the Present Tunnel System and Proposed Circuit, and Connections for all these Services, Running to the Central Clearing Yards.;Daniel Hudson Burnham, American, 1846-1912 Edward Herbert Bennett, American, born England, 1874-1954;1909;;https://www.artic.edu/iiif/2/e45b05ed-2d62-3917-f46b-ce8013bbbe9f/full/843,/0/default.jpg;Alemany;1500;Institut Cartogràfic;978-6-90632-118-2;1;Mercator;1:100000;Chicago;60x80 cm
135487;Tattooed Map and Tourniquet;Robert Fried American, born 1937;1973;AnalisiEspacial|EscalaVisual|DadesVectorials;https://www.artic.edu/iiif/2/65fbdea4-57e6-dfad-9b23-bf3974e88296/full/843,/0/default.jpg;Anglès;500;GeoPress;978-5-14276-802-9;2;Robinson;1:10000;United States;120x160 cm
136121;Dada Gauguin;Max Ernst French, born Germany, 1891–1976;1920;Batimetria|AnalisiEspacial|XarxaGeodesica|EscalaVisual|DadesVectorials;https://www.artic.edu/iiif/2/3f2e7bce-a8f2-562a-5f8f-90932bdc6af8/full/843,/0/default.jpg;Anglès;1000;GeoPress;978-1-35869-391-1;3;Mercator;1:500000;United States;70x100 cm
101518;Summer Night in Arizona;Max Ernst French, born Germany, 1891–1976;1944;AnalisiEspacial|DadesVectorials;https://www.artic.edu/iiif/2/097b24de-79b9-a5a1-57f3-9e7545dc4319/full/843,/0/default.jpg;Català;2000;National Geographic;978-6-61138-944-0;4;Cilíndrica;1:250000;United States;120x160 cm
152509;Map of the World;Unknown Artist (English, 19th century) after John Paul Cimerlin (Italian, active c. 1566);1889;XarxaGeodesica|Batimetria;https://www.artic.edu/iiif/2/ae325ad1-8efd-7228-ff83-2b151e98a6fc/full/843,/0/default.jpg;Català;1000;Institut Cartogràfic;978-5-79283-911-7;1;Mercator;1:500000;England;90x120 cm
118693;An Anxious Friend;Max Ernst French, born Germany, 1891–1976;1944;CartografiaHistorica|LlegendaTematica|SistemesDInformacioGeografica|XarxaGeodesica|DigitalitzacioDelTerreny|Georeferenciacio;https://www.artic.edu/iiif/2/f6e7b442-8524-76e9-5155-4ea4c9c021e9/full/843,/0/default.jpg;Castellà;1000;Editorial Maps;978-8-65772-636-7;3;Mercator;1:250000;United States;120x160 cm
71982;The Blue Forest;Max Ernst French, born Germany, 1891–1976;1925;Georeferenciacio|ProjeccioCartografica|DigitalitzacioDelTerreny|SistemesDInformacioGeografica|RelleuITopografia|CartografiaHistorica;https://www.artic.edu/iiif/2/26c5ab1b-b494-37d6-c0e3-7bb8ecc78b96/full/843,/0/default.jpg;Castellà;500;GeoPress;978-1-19359-706-3;2;Estereogràfica;1:50000;United States;100x140 cm
184763;You've Only Got To Choose Your Bus;MacDonald Gill (English, 1884-1947) printed by Waterlow and Sons Limited Lithographers;1920;Georeferenciacio|XarxaGeodesica|EscalaVisual|LlegendaTematica;https://www.artic.edu/iiif/2/65f94ed7-579f-e4a7-85e4-366874d421fc/full/843,/0/default.jpg;Castellà;1500;GeoPress;978-5-43854-992-8;2;Estereogràfica;1:500000;England;70x100 cm
118684;The Massacre of the Innocents;Max Ernst American and French, born Germany, 1891-1976;1920;LlegendaTematica;https://www.artic.edu/iiif/2/ab8843d9-9855-c4fa-f041-e857fd7c0317/full/843,/0/default.jpg;Francès;1500;GeoPress;978-4-48147-449-1;2;Estereogràfica;1:50000;United States;100x140 cm
3047;Toilette (Before the Mirror);Max Beckmann (German, 1884-1950) published by Paul Cassirer (German);1923;EscalaVisual|CartografiaHistorica|LlegendaTematica;https://www.artic.edu/iiif/2/75214857-0e9a-b2c8-b4ab-810f5dea4e9a/full/843,/0/default.jpg;Alemany;1500;National Geographic;978-2-70608-449-9;1;Cilíndrica;1:250000;Germany;90x120 cm
118694;Landscape;Max Ernst French, born Germany, 1891–1976;1957;EscalaVisual|DigitalitzacioDelTerreny|ProjeccioCartografica;https://www.artic.edu/iiif/2/dbb43155-d06d-be4f-e583-647becae064e/full/843,/0/default.jpg;Alemany;2000;National Geographic;978-2-77730-856-8;4;Conic;1:50000;United States;70x100 cm
18608;Portrait of a Woman (possibly Gräfin Aga vom Hagen);Max Beckmann German, 1884-1950;1915;;https://www.artic.edu/iiif/2/49bef557-1169-3e8e-0558-e07a3bb9a1a0/full/843,/0/default.jpg;Castellà;1000;National Geographic;978-8-18811-993-3;2;Cilíndrica;1:100000;Germany;60x80 cm
18633;Self-Portrait, Seated in Chair, Sketching;Max Slevogt German, 1868-1932;1911;;https://www.artic.edu/iiif/2/99b0fc45-c1f7-e763-7aa8-5620a45cd420/full/843,/0/default.jpg;Francès;1500;GeoPress;978-3-27174-291-7;3;Mercator;1:10000;Germany;90x120 cm
18641;Indians Attacking at Harry Harry;Max Slevogt (German, 1868-1932) James Fenimore Cooper (American, 1789-1851);1910;LlegendaTematica;https://www.artic.edu/iiif/2/36c57e2f-e71c-d967-e870-496a2249cea5/full/843,/0/default.jpg;Francès;1500;Institut Cartogràfic;978-2-69094-252-4;2;Conic;1:10000;Germany;60x80 cm
111249;Map of Nagasaki (Hizen Nagasaki zu);Published by Bunkido Japanese;1802;;https://www.artic.edu/iiif/2/5330ed49-ecfe-7556-6ba4-3eacd12b67c3/full/843,/0/default.jpg;Alemany;1000;GeoPress;978-3-40307-517-8;4;Estereogràfica;1:50000;Japan;60x80 cm
90445;Human Figure with Two Birds;Max Ernst French, born Germany, 1891–1976;1925;DadesVectorials|XarxaGeodesica|AnalisiEspacial;https://www.artic.edu/iiif/2/5e8c0b90-e611-a3a3-4eaa-8501b9821d93/full/843,/0/default.jpg;Alemany;750;GeoPress;978-1-36346-392-6;1;Azimutal;1:500000;United States;100x140 cm
261566;How to Build Without a Land, Untitled;Saba Innab Palestinian Jordanian, born Kuwait, 1980;2013;Batimetria|EscalaVisual;https://www.artic.edu/iiif/2/8af83655-7f56-760a-69cc-650cb72be9a4/full/843,/0/default.jpg;Anglès;1000;Editorial Maps;978-9-30889-627-9;2;Conic;1:250000;Palestine;60x80 cm
261567;How to Build Without a Land, Untitled;Saba Innab Palestinian Jordanian, born Kuwait, 1980;2013;XarxaGeodesica|DigitalitzacioDelTerreny|RelleuITopografia|SistemesDInformacioGeografica|Batimetria|DadesVectorials;https://www.artic.edu/iiif/2/67cae538-4c6e-50c2-c09e-61c9fef31b09/full/843,/0/default.jpg;Català;2000;Institut Cartogràfic;978-4-42847-847-1;2;Mercator;1:100000;Palestine;70x100 cm
261568;How to Build Without a Land, Untitled;Saba Innab Palestinian Jordanian, born Kuwait, 1980;2013;EscalaVisual|LlegendaTematica|SistemesDInformacioGeografica;https://www.artic.edu/iiif/2/8a6bed40-64c5-0940-102f-21fc5a5b8331/full/843,/0/default.jpg;Francès;750;GeoPress;978-7-54805-169-2;2;Conic;1:25000;Palestine;100x140 cm
261569;How to Build Without a Land, Untitled;Saba Innab Palestinian Jordanian, born Kuwait, 1980;2013;DadesVectorials|Batimetria|SistemesDInformacioGeografica|CartografiaHistorica|AnalisiEspacial|ProjeccioCartografica;https://www.artic.edu/iiif/2/8d144a3e-1fc7-d8e2-da2b-6303f299ce4b/full/843,/0/default.jpg;Castellà;1500;Editorial Maps;978-1-66764-390-4;2;Mercator;1:500000;Palestine;60x80 cm
261570;How to Build Without a Land, Untitled;Saba Innab Palestinian Jordanian, born Kuwait, 1980;2013;SistemesDInformacioGeografica|EscalaVisual|ProjeccioCartografica;https://www.artic.edu/iiif/2/d990c32c-019c-2a92-f571-75b991902e30/full/843,/0/default.jpg;Alemany;500;National Geographic;978-5-78722-610-6;2;Conic;1:100000;Palestine;90x120 cm
27618;Construction With and Within a Cube;Max Bill Swiss, 1908-1994;1945;;https://www.artic.edu/iiif/2/df8ce187-12e7-4f3d-890a-fdb710992346/full/843,/0/default.jpg;Anglès;750;GeoPress;978-9-80683-496-3;2;Estereogràfica;1:50000;Switzerland;70x100 cm
205573;The Red House;Max Pechstein German, 1881–1955;1911;XarxaGeodesica;https://www.artic.edu/iiif/2/3f34cd5d-6eed-85e9-9665-c9e7ce367952/full/843,/0/default.jpg;Francès;750;National Geographic;978-2-47085-503-8;3;Azimutal;1:25000;Germany;60x80 cm
31874;Maps: Projections;Unknown Artist English, 19th century;1540;EscalaVisual|SistemesDInformacioGeografica|DadesVectorials;https://www.artic.edu/iiif/2/bae29760-c89d-e100-10b3-6592829139b7/full/843,/0/default.jpg;Català;750;GeoPress;978-1-93918-738-8;3;Mercator;1:500000;England;60x80 cm
196348;Plate 91 from The Plan of Chicago, Chicago, Proposed Diagonal Arteries;Daniel Hudson Burnham (American, 1846–1912) Edward Herbert Bennett (American, born England, 1874–1954);1909;EscalaVisual|AnalisiEspacial|XarxaGeodesica|DigitalitzacioDelTerreny|Georeferenciacio|SistemesDInformacioGeografica;https://www.artic.edu/iiif/2/b402b84a-ba81-5d06-7824-906ce802e7f3/full/843,/0/default.jpg;Anglès;1000;Editorial Maps;978-2-71320-295-7;4;Conic;1:10000;Chicago;70x100 cm
117194;Mattamathics;Max Ernst French, born Germany, 1891–1976;1948;SistemesDInformacioGeografica|LlegendaTematica|AnalisiEspacial|Georeferenciacio|CartografiaHistorica;https://www.artic.edu/iiif/2/12d51cb8-7299-9a5c-12d0-437be56e6669/full/843,/0/default.jpg;Català;1000;National Geographic;978-4-50208-852-3;1;Robinson;1:50000;United States;70x100 cm
39492;Still Life;Hugo Charlemont (Austrian, 1850–1939);1883;ProjeccioCartografica|CartografiaHistorica;https://www.artic.edu/iiif/2/862608e5-8953-b1a3-53fd-ec009662516f/full/843,/0/default.jpg;Francès;1500;National Geographic;978-8-22618-715-3;3;Estereogràfica;1:25000;Austria;90x120 cm
119424;Abandoned, plate five from A Life;Max Klinger German, 1857-1920;1884;Batimetria|DadesVectorials|Georeferenciacio|AnalisiEspacial|CartografiaHistorica;https://www.artic.edu/iiif/2/d1f33982-4b02-2382-fa2a-6e686cbed565/full/843,/0/default.jpg;Alemany;2000;GeoPress;978-8-77325-943-2;3;Estereogràfica;1:50000;Germany;70x100 cm
211878;Gallery Transplant, Floor Specifications Gallery #3, Stedelijk Museum, Amsterdam, Transplanted to Jersey City, New Jersey. Surface: Snow, Dirt, Gravel. Duration: 4 Weeks;Dennis Oppenheim American, 1938–2011;1969;Georeferenciacio;https://www.artic.edu/iiif/2/d4e1401b-f2cd-3a47-d5e6-c975757ff093/full/843,/0/default.jpg;Castellà;1500;National Geographic;978-5-24472-366-4;2;Mercator;1:100000;United States;100x140 cm
62176;Carnival in Naples;Max Beckmann German, 1884-1950;1925;;https://www.artic.edu/iiif/2/80b35765-78f5-7e2d-f9b2-c01bf954ace9/full/843,/0/default.jpg;Anglès;1500;National Geographic;978-2-26840-767-2;2;Estereogràfica;1:10000;Germany;60x80 cm
23069;Grotesque Dance;Max Slevogt German, 1868-1932;1906;LlegendaTematica|XarxaGeodesica|RelleuITopografia;https://www.artic.edu/iiif/2/0a2b95eb-7aab-be32-7f5f-2f1cb88e1abb/full/843,/0/default.jpg;Català;500;GeoPress;978-7-10661-567-7;1;Robinson;1:100000;Germany;60x80 cm
153968;The Isle of the Dead;Max Klinger (German, 1857-1920) after Arnold  Böcklin (Swiss, 1827-1901);1890;XarxaGeodesica|Batimetria|CartografiaHistorica;https://www.artic.edu/iiif/2/fdc8092e-eceb-7a07-0c66-e829ac2fd8e8/full/843,/0/default.jpg;Castellà;1500;National Geographic;978-5-66513-862-3;3;Mercator;1:25000;Germany;60x80 cm
260133;(Rip) R726, Photo of the Area of Florence Between the Piazza de la Stazione, Piazza Independenza, Cenacolo di Sta. Apollonia and la Colonna della Crocé al Trebbio,;Sol LeWitt American, 1928-2007;1976;AnalisiEspacial|RelleuITopografia|EscalaVisual|CartografiaHistorica|SistemesDInformacioGeografica;https://www.artic.edu/iiif/2/f2a23a75-1f3e-20e9-8e16-196ed2bb26e5/full/843,/0/default.jpg;Anglès;500;Institut Cartogràfic;978-1-84575-117-7;3;Mercator;1:250000;;90x120 cm
145316;Black and Tanned Your Whipped Wind of Change Howled Low Blowing Itself - Ha - Smack into the Middle of Duke Ellington's Orchestra Billie Heard It Too & Cried Strange Fruit Tears;Carrie Mae Weems American, born 1953;1995;CartografiaHistorica|EscalaVisual|RelleuITopografia;https://www.artic.edu/iiif/2/2fc76497-4b28-a066-529d-6f2526ae8462/full/843,/0/default.jpg;Alemany;1500;GeoPress;978-4-12883-275-1;2;Azimutal;1:10000;United States;90x120 cm
262181;Chicagoland Memorabilia and Map Collection;;1855;CartografiaHistorica|ProjeccioCartografica|DigitalitzacioDelTerreny|Georeferenciacio|XarxaGeodesica;https://www.artic.edu/iiif/2/342b2214-04d5-de63-b577-55a08a618960/full/843,/0/default.jpg;Anglès;500;National Geographic;978-1-95273-521-8;1;Conic;1:25000;;120x160 cm
210386;Still Life;Max Weber (American, born Białystok, Russian Empire, now Poland, 1881–1961);1911;ProjeccioCartografica|CartografiaHistorica|DigitalitzacioDelTerreny|Batimetria;https://www.artic.edu/iiif/2/9b978986-b3c3-18b1-539e-7df8d0949fab/full/843,/0/default.jpg;Anglès;1000;National Geographic;978-8-92615-328-2;4;Azimutal;1:25000;United States;90x120 cm
118597;Departure of Summer;Man Ray American, 1890–1976;1914;Batimetria|Georeferenciacio|LlegendaTematica|SistemesDInformacioGeografica|RelleuITopografia;https://www.artic.edu/iiif/2/79ebd91e-d0b0-d82e-446c-b33da86c4fb0/full/843,/0/default.jpg;Castellà;500;National Geographic;978-6-87770-139-4;1;Robinson;1:100000;United States;90x120 cm
60754;We Are Not Dismayed;MacDonald Gill (English, 1884-1947) printed by Waterlow and Sons Limited Lithographers;1928;XarxaGeodesica;https://www.artic.edu/iiif/2/30a566f6-9b10-bb3c-583c-e7a0a42c96c4/full/843,/0/default.jpg;Català;750;Institut Cartogràfic;978-6-31022-130-7;2;Mercator;1:10000;England;60x80 cm
20532;Bathers;Max Beckmann German, 1884-1950;1928;EscalaVisual;https://www.artic.edu/iiif/2/3773e53c-7f69-ee62-eb42-6ec1c718efbb/full/843,/0/default.jpg;Francès;1500;GeoPress;978-4-92330-190-0;2;Estereogràfica;1:250000;Germany;120x160 cm
65819;Mae West's Face which May be Used as a Surrealist Apartment;Salvador Dalí Spanish, 1904-1989;1934;Batimetria;https://www.artic.edu/iiif/2/ca291a36-df9c-0926-49d8-d700b402f5bf/full/843,/0/default.jpg;Castellà;1000;Editorial Maps;978-7-30057-697-7;2;Mercator;1:50000;Spain;100x140 cm
18630;Self-Portrait, Bust Facing Front;Max Slevogt German, 1868-1932;0;Batimetria|AnalisiEspacial|LlegendaTematica;https://www.artic.edu/iiif/2/aa6cb2b2-5a76-920f-32b2-b3863ecceec3/full/843,/0/default.jpg;Alemany;500;Editorial Maps;978-9-27552-523-5;4;Cilíndrica;1:50000;Germany;70x100 cm
118682;Self-Constructed Little Machine;Max Ernst American and French, born Germany, 1891-1976;1919;ProjeccioCartografica;https://www.artic.edu/iiif/2/1438c668-2b53-950f-f65e-9a96344abf22/full/843,/0/default.jpg;Anglès;2000;GeoPress;978-6-24231-907-8;2;Estereogràfica;1:10000;United States;60x80 cm
158460;Map of Parallel 52 North at a Scale of One Foot to One Degree;Hendl Helen Mirra  American, born 1970;1999;DigitalitzacioDelTerreny;https://www.artic.edu/iiif/2/a13f888e-e421-7b58-ecb1-1b23f122241d/full/843,/0/default.jpg;Francès;2000;National Geographic;978-8-53415-910-5;2;Mercator;1:100000;United States;70x100 cm
181223;Forest and Sun;Max Ernst American and French, born Germany, 1891-1976;1956;DadesVectorials;https://www.artic.edu/iiif/2/169718bb-f4d6-61c3-f62a-71ac41820dac/full/843,/0/default.jpg;Anglès;1000;National Geographic;978-7-11301-549-5;2;Cilíndrica;1:500000;France;90x120 cm
94333;A Photographic Map of Roads and Trench System in the Forest of Apremont, Region of Apremont;Photographic Section, U.S. Air Service, American Expeditionary Forces (AEF) and Major Edward J. Steichen, A.S.A. (American, born Luxembourg, 1879–1973);1119;Georeferenciacio|RelleuITopografia|CartografiaHistorica|ProjeccioCartografica;https://www.artic.edu/iiif/2/b3df4c96-4ab9-3351-9e02-db10bb12b457/full/843,/0/default.jpg;Alemany;1000;Institut Cartogràfic;978-5-90404-275-7;2;Cilíndrica;1:50000;United States;120x160 cm
271416;aberto pela aduana;Eustáquio Neves Brazilian, born 1955;2021;Batimetria|ProjeccioCartografica;https://www.artic.edu/iiif/2/1fab8297-893d-bd8c-b469-73c171421002/full/843,/0/default.jpg;Alemany;500;Editorial Maps;978-9-10621-237-6;1;Mercator;1:100000;;60x80 cm
20565;Hommage a Rimbaud;Max Ernst American and French, born Germany, 1891-1976;1961;Georeferenciacio|RelleuITopografia;https://www.artic.edu/iiif/2/b0ae0015-83d2-99c6-e137-cee5f642c05e/full/843,/0/default.jpg;Castellà;1000;Institut Cartogràfic;978-2-36957-277-5;2;Conic;1:500000;United States;70x100 cm
118687;Untitled (Birds);Max Ernst French, born Germany, 1891–1976;1924;AnalisiEspacial|XarxaGeodesica|Batimetria|LlegendaTematica|RelleuITopografia;https://www.artic.edu/iiif/2/28e63b46-0162-c93d-5370-f448ada5aa7f/full/843,/0/default.jpg;Anglès;500;GeoPress;978-5-84022-212-6;3;Mercator;1:100000;United States;120x160 cm
234652;Photo Index and Map;Harvard University, Institute of Geographic Exploration early 20th century;1947;DadesVectorials|Georeferenciacio|LlegendaTematica|DigitalitzacioDelTerreny|RelleuITopografia|XarxaGeodesica;https://www.artic.edu/iiif/2/324a288a-9fac-5f51-0ba9-559aa57b2b11/full/843,/0/default.jpg;Català;2000;National Geographic;978-7-23899-634-3;4;Estereogràfica;1:250000;United States;100x140 cm
111634;Chess Set;Man Ray American, 1890–1976;1927;RelleuITopografia;https://www.artic.edu/iiif/2/2fa63fff-604f-d1eb-122e-a7ddcd145207/full/843,/0/default.jpg;Francès;750;National Geographic;978-5-71790-787-6;3;Conic;1:100000;United States;120x160 cm
117379;Collage with text (Pie XI: La calvitie vous guette...);Max Ernst American and French, born Germany, 1891-1976;1929;DadesVectorials|Georeferenciacio|RelleuITopografia;https://www.artic.edu/iiif/2/7567961f-df14-956e-85f9-68f5d2eb2aac/full/843,/0/default.jpg;Francès;500;GeoPress;978-1-12503-301-6;1;Conic;1:500000;United States;120x160 cm
118690;Untitled (Loplop Presents);Max Ernst American and French, born Germany, 1891-1976;1932;Georeferenciacio|RelleuITopografia;https://www.artic.edu/iiif/2/4363580d-2a23-363d-acfc-1124063e72d7/full/843,/0/default.jpg;Anglès;750;Editorial Maps;978-6-29897-873-1;3;Conic;1:100000;United States;120x160 cm
18644;Tomahawks Thrown at a Dead Person Chained to a Tree;Max Slevogt (German, 1868-1932) James Fenimore Cooper (American, 1789-1851);1910;AnalisiEspacial|Batimetria|DadesVectorials|XarxaGeodesica|LlegendaTematica;https://www.artic.edu/iiif/2/151bebd5-7d31-07ff-5748-318ab0a5c722/full/843,/0/default.jpg;Anglès;500;Institut Cartogràfic;978-4-14969-913-9;2;Mercator;1:25000;Germany;70x100 cm
118689;Untitled (Loplop Presents);Max Ernst American and French, born Germany, 1891-1976;1932;CartografiaHistorica|LlegendaTematica|DadesVectorials|XarxaGeodesica|Georeferenciacio|SistemesDInformacioGeografica;https://www.artic.edu/iiif/2/22f5690e-0949-deef-2eef-7a260f4a3838/full/843,/0/default.jpg;Francès;2000;National Geographic;978-3-17939-653-0;3;Mercator;1:500000;United States;90x120 cm
50116;Self-Portrait;Max Beckmann German, 1884-1950;1917;DigitalitzacioDelTerreny|ProjeccioCartografica|CartografiaHistorica|RelleuITopografia;https://www.artic.edu/iiif/2/3cad9e9c-d00c-7061-abc3-aa8521453e78/full/843,/0/default.jpg;Anglès;1000;GeoPress;978-5-78111-227-8;2;Conic;1:250000;Germany;120x160 cm
47149;Mao;Andy Warhol American, 1928-1987;1972;DigitalitzacioDelTerreny|RelleuITopografia|DadesVectorials;https://www.artic.edu/iiif/2/97cb5c4b-cce5-c4d8-f303-613ce92832c7/full/843,/0/default.jpg;Anglès;750;Institut Cartogràfic;978-6-57691-304-4;1;Azimutal;1:500000;United States;70x100 cm
118692;Untitled (The Bird People);Max Ernst American and French, born Germany, 1891-1976;1942;AnalisiEspacial|ProjeccioCartografica|Batimetria;https://www.artic.edu/iiif/2/81b364d2-d800-dccf-dc74-9dc060aa5576/full/843,/0/default.jpg;Francès;500;GeoPress;978-4-53814-415-5;3;Conic;1:10000;United States;90x120 cm
118688;Marceline and Marie;Max Ernst American and French, born Germany, 1891-1976;1929;DadesVectorials|Georeferenciacio;https://www.artic.edu/iiif/2/c47296f8-d198-34e8-9e1b-a73fb3f80701/full/843,/0/default.jpg;Català;1000;Institut Cartogràfic;978-8-95980-432-8;3;Conic;1:25000;United States;60x80 cm