Id;Titol;Autor;AnyCreacio;Etiquetes;RutaFitxer;Genere;BitrateKbps;EsStereo;DuradaSegons
322486;Explosion 9;LiamG_SFX;2018;EnvolventADSR|CaptacioDeCamp|MonoStereoAmbisonic|PaisatgeSonor;https://cdn.freesound.org/previews/322/322486_5514134-hq.mp3;Foley;Kbps96;True;3,81812
322495;Explosion 13;LiamG_SFX;2020;EnvolventADSR;https://cdn.freesound.org/previews/322/322495_5514134-hq.mp3;Urbà;Kbps360;True;1,74086
322496;Explosion 13b;LiamG_SFX;2018;MonoStereoAmbisonic|FrequenciaDeMostratge|PaisatgeSonor|AillamentAcustic|CaptacioDeCamp;https://cdn.freesound.org/previews/322/322496_5514134-hq.mp3;Ambiental;Kbps128;True;1,75057
322481;Explosion 1;LiamG_SFX;2022;Postprocessament|TexturaSonora|FoleyArt|AillamentAcustic|MonoStereoAmbisonic|LlenguatgeSonor;https://cdn.freesound.org/previews/322/322481_5514134-hq.mp3;Mecànic;Kbps64;True;2,71814
478277;8-Bit Explosion 1_6;Joao_Janz;2020;SoDielgetic|CaptacioDeCamp|Postprocessament|FrequenciaDeMostratge|MonoStereoAmbisonic;https://cdn.freesound.org/previews/478/478277_9961300-hq.mp3;Foley;Kbps64;True;1,22656
317761;SFX_Explosion_13.wav;jalastram;2024;;https://cdn.freesound.org/previews/317/317761_3905081-hq.mp3;Ambiental;Kbps96;False;3,62948
336006;Sharp Explosion 1 (of 5);Rudmer_Rotteveel;2023;EnvolventADSR|FontSonora|Postprocessament|CaptacioDeCamp|LlenguatgeSonor;https://cdn.freesound.org/previews/336/336006_4921277-hq.mp3;Electrònic;Kbps192;True;0,699592
322482;Explosion 10b;LiamG_SFX;2020;CaptacioDeCamp|FrequenciaDeMostratge|SoDielgetic;https://cdn.freesound.org/previews/322/322482_5514134-hq.mp3;Electrònic;Kbps192;True;0,910295
317752;SFX_Explosion_07.wav;jalastram;2021;Postprocessament|CaptacioDeCamp;https://cdn.freesound.org/previews/317/317752_3905081-hq.mp3;Foley;Kbps192;False;2,06934
317749;SFX_Explosion_02.wav;jalastram;2020;FoleyArt|CaptacioDeCamp|EnvolventADSR|SoDielgetic|TexturaSonora;https://cdn.freesound.org/previews/317/317749_3905081-hq.mp3;Natura;Kbps360;False;0,900726
317758;SFX_Explosion_19.wav;jalastram;2022;FontSonora|EnvolventADSR|SoDielgetic;https://cdn.freesound.org/previews/317/317758_3905081-hq.mp3;Ambiental;Kbps128;False;3,22961
322506;Explosion 6,7 & 8 (layered);LiamG_SFX;2022;;https://cdn.freesound.org/previews/322/322506_5514134-hq.mp3;Natura;Kbps64;True;3,81812
478273;8-Bit Explosion 1_2;Joao_Janz;2022;CaptacioDeCamp|Postprocessament|PaisatgeSonor|SoDielgetic;https://cdn.freesound.org/previews/478/478273_9961300-hq.mp3;Foley;Kbps128;True;1,3125
336009;Sharp Explosion Weird_Natural_reverb;Rudmer_Rotteveel;2023;TexturaSonora|PaisatgeSonor;https://cdn.freesound.org/previews/336/336009_4921277-hq.mp3;Mecànic;Kbps192;True;3,48517
322492;Explosion 7b;LiamG_SFX;2020;LlenguatgeSonor|FrequenciaDeMostratge|MonoStereoAmbisonic|SoDielgetic;https://cdn.freesound.org/previews/322/322492_5514134-hq.mp3;Foley;Kbps64;True;1,05034
336005;Sharp Explosion 2 (of 5);Rudmer_Rotteveel;2018;SoDielgetic;https://cdn.freesound.org/previews/336/336005_4921277-hq.mp3;Mecànic;Kbps64;True;1,0161
322485;Explosion 11;LiamG_SFX;2024;;https://cdn.freesound.org/previews/322/322485_5514134-hq.mp3;Mecànic;Kbps192;True;0,872562
322510;Explosion 1c;LiamG_SFX;2020;;https://cdn.freesound.org/previews/322/322510_5514134-hq.mp3;Urbà;Kbps64;True;2,71814
322490;Explosion 7d;LiamG_SFX;2024;Postprocessament|AillamentAcustic|CaptacioDeCamp|TexturaSonora;https://cdn.freesound.org/previews/322/322490_5514134-hq.mp3;Foley;Kbps192;True;0,994626
322493;Explosion 11e;LiamG_SFX;2018;SoDielgetic;https://cdn.freesound.org/previews/322/322493_5514134-hq.mp3;Natura;Kbps192;True;7,039
322509;Explosion 2;LiamG_SFX;2019;FoleyArt|SoDielgetic|EnvolventADSR|PaisatgeSonor;https://cdn.freesound.org/previews/322/322509_5514134-hq.mp3;Electrònic;Kbps192;True;2,60029
322494;Explosion 12;LiamG_SFX;2022;Postprocessament|TexturaSonora|MonoStereoAmbisonic|PaisatgeSonor|FontSonora;https://cdn.freesound.org/previews/322/322494_5514134-hq.mp3;Ambiental;Kbps96;True;2,09816
317766;SFX_Explosion_20.wav;jalastram;2019;EnvolventADSR|SoDielgetic|FontSonora|LlenguatgeSonor|CaptacioDeCamp;https://cdn.freesound.org/previews/317/317766_3905081-hq.mp3;Mecànic;Kbps128;False;2,2805399
317764;SFX_Explosion_16.wav;jalastram;2023;FrequenciaDeMostratge|MonoStereoAmbisonic|EnvolventADSR|SoDielgetic;https://cdn.freesound.org/previews/317/317764_3905081-hq.mp3;Mecànic;Kbps96;False;3,79782
322491;Explosion 7a;LiamG_SFX;2022;TexturaSonora;https://cdn.freesound.org/previews/322/322491_5514134-hq.mp3;Natura;Kbps96;True;2,7591199
317765;SFX_Explosion_21.wav;jalastram;2021;FoleyArt;https://cdn.freesound.org/previews/317/317765_3905081-hq.mp3;Electrònic;Kbps360;False;2,35937
322512;Explosion 15b;LiamG_SFX;2020;PaisatgeSonor;https://cdn.freesound.org/previews/322/322512_5514134-hq.mp3;Natura;Kbps128;False;1,61052
322483;Explosion 10.wav;LiamG_SFX;2021;;https://cdn.freesound.org/previews/322/322483_5514134-hq.mp3;Electrònic;Kbps96;True;4,0618999
560578;Explosion 6.wav;theplax;2023;MonoStereoAmbisonic|TexturaSonora|EnvolventADSR|FontSonora|PaisatgeSonor|LlenguatgeSonor;https://cdn.freesound.org/previews/560/560578_12172648-hq.mp3;Natura;Kbps192;True;1,4
322504;Explosion 6a;LiamG_SFX;2022;PaisatgeSonor|AillamentAcustic|EnvolventADSR|TexturaSonora|LlenguatgeSonor|CaptacioDeCamp;https://cdn.freesound.org/previews/322/322504_5514134-hq.mp3;Mecànic;Kbps128;False;5,378
317754;SFX_Explosion_05.wav;jalastram;2023;PaisatgeSonor|FontSonora|MonoStereoAmbisonic;https://cdn.freesound.org/previews/317/317754_3905081-hq.mp3;Foley;Kbps64;False;1,5117
322511;Explosion 1b;LiamG_SFX;2022;TexturaSonora|SoDielgetic|LlenguatgeSonor|FoleyArt;https://cdn.freesound.org/previews/322/322511_5514134-hq.mp3;Foley;Kbps360;True;2,71814
317750;SFX_Explosion_01.wav;jalastram;2018;FrequenciaDeMostratge|TexturaSonora;https://cdn.freesound.org/previews/317/317750_3905081-hq.mp3;Foley;Kbps128;False;0,955465
322503;Explosion 6b;LiamG_SFX;2018;FontSonora|FoleyArt|CaptacioDeCamp;https://cdn.freesound.org/previews/322/322503_5514134-hq.mp3;Electrònic;Kbps360;False;5,30882
322499;Explosion 14a;LiamG_SFX;2019;CaptacioDeCamp|Postprocessament;https://cdn.freesound.org/previews/322/322499_5514134-hq.mp3;Urbà;Kbps96;True;2,19308
336011;Sharp Explosion 4 (of 5);Rudmer_Rotteveel;2019;Postprocessament|AillamentAcustic;https://cdn.freesound.org/previews/336/336011_4921277-hq.mp3;Mecànic;Kbps360;True;1,04882
478272;8-Bit Explosion 1_3;Joao_Janz;2019;;https://cdn.freesound.org/previews/478/478272_9961300-hq.mp3;Ambiental;Kbps96;True;0,90625
317763;SFX_Explosion_15.wav;jalastram;2018;LlenguatgeSonor;https://cdn.freesound.org/previews/317/317763_3905081-hq.mp3;Electrònic;Kbps192;False;3,62082
478276;8-Bit Explosion 1_7;Joao_Janz;2023;FoleyArt;https://cdn.freesound.org/previews/478/478276_9961300-hq.mp3;Natura;Kbps96;True;1,3125
478274;8-Bit Explosion 1_1;Joao_Janz;2020;FoleyArt;https://cdn.freesound.org/previews/478/478274_9961300-hq.mp3;Natura;Kbps64;True;1,0625
560576;Explosion 3.wav;theplax;2020;LlenguatgeSonor|Postprocessament|CaptacioDeCamp|EnvolventADSR|MonoStereoAmbisonic;https://cdn.freesound.org/previews/560/560576_12172648-hq.mp3;Natura;Kbps128;True;0,826848
560577;Explosion 2.wav;theplax;2018;Postprocessament|FoleyArt;https://cdn.freesound.org/previews/560/560577_12172648-hq.mp3;Foley;Kbps64;True;2,47093
336010;Sharp Explosion 5 (of 5);Rudmer_Rotteveel;2021;AillamentAcustic|LlenguatgeSonor|FontSonora|Postprocessament|MonoStereoAmbisonic;https://cdn.freesound.org/previews/336/336010_4921277-hq.mp3;Electrònic;Kbps96;True;1,3945399
434431;explosion09.wav;V-ktor;2021;Postprocessament|MonoStereoAmbisonic|AillamentAcustic;https://cdn.freesound.org/previews/434/434431_8836484-hq.mp3;Electrònic;Kbps96;False;2,19143
322487;Explosion 7e;LiamG_SFX;2020;;https://cdn.freesound.org/previews/322/322487_5514134-hq.mp3;Foley;Kbps64;True;5,57937
317751;SFX_Explosion_08.wav;jalastram;2023;AillamentAcustic|FontSonora|FoleyArt|EnvolventADSR|FrequenciaDeMostratge|Postprocessament;https://cdn.freesound.org/previews/317/317751_3905081-hq.mp3;Natura;Kbps64;False;2,05383
560579;Explosion 5.wav;theplax;2021;SoDielgetic|CaptacioDeCamp;https://cdn.freesound.org/previews/560/560579_12172648-hq.mp3;Foley;Kbps96;True;4,72417
560575;Explosion 4.wav;theplax;2022;FontSonora|FoleyArt;https://cdn.freesound.org/previews/560/560575_12172648-hq.mp3;Foley;Kbps360;True;1,62098
317747;SFX_Explosion_04.wav;jalastram;2024;TexturaSonora|Postprocessament|LlenguatgeSonor|FoleyArt|FontSonora;https://cdn.freesound.org/previews/317/317747_3905081-hq.mp3;Natura;Kbps192;False;0,7461219
322479;Explosion 11d;LiamG_SFX;2019;AillamentAcustic|FoleyArt|CaptacioDeCamp|LlenguatgeSonor|PaisatgeSonor|FontSonora;https://cdn.freesound.org/previews/322/322479_5514134-hq.mp3;Mecànic;Kbps360;True;3,10372
560580;Explosion 1.wav;theplax;2019;EnvolventADSR|AillamentAcustic|PaisatgeSonor|Postprocessament|FrequenciaDeMostratge|CaptacioDeCamp;https://cdn.freesound.org/previews/560/560580_12172648-hq.mp3;Urbà;Kbps360;True;1,40052
322480;Explosion 11c;LiamG_SFX;2024;PaisatgeSonor|MonoStereoAmbisonic|AillamentAcustic;https://cdn.freesound.org/previews/322/322480_5514134-hq.mp3;Electrònic;Kbps128;True;3,10372
322484;Explosion 11b;LiamG_SFX;2022;SoDielgetic|FontSonora|EnvolventADSR;https://cdn.freesound.org/previews/322/322484_5514134-hq.mp3;Electrònic;Kbps64;True;3,10372
434423;explosion04.wav;V-ktor;2024;SoDielgetic|FrequenciaDeMostratge;https://cdn.freesound.org/previews/434/434423_8836484-hq.mp3;Urbà;Kbps96;False;3,0939199
434425;explosion02.wav;V-ktor;2019;CaptacioDeCamp|Postprocessament;https://cdn.freesound.org/previews/434/434425_8836484-hq.mp3;Electrònic;Kbps128;False;2,8506999
435416;explosion13.wav;V-ktor;2020;;https://cdn.freesound.org/previews/435/435416_8836484-hq.mp3;Mecànic;Kbps64;False;1,06052
322488;Explosion 8;LiamG_SFX;2021;TexturaSonora|FontSonora|MonoStereoAmbisonic|PaisatgeSonor;https://cdn.freesound.org/previews/322/322488_5514134-hq.mp3;Foley;Kbps128;True;2,85057
347312;FUN-EXPLOSION01.wav;newagesoup;2022;AillamentAcustic|SoDielgetic;https://cdn.freesound.org/previews/347/347312_4067257-hq.mp3;Electrònic;Kbps192;True;3,75
35464;Explosion 7.wav;jobro;2022;;https://cdn.freesound.org/previews/35/35464_35187-hq.mp3;Foley;Kbps64;True;3
35458;Explosion 1.wav;jobro;2022;Postprocessament|SoDielgetic|FoleyArt|PaisatgeSonor|LlenguatgeSonor|FontSonora;https://cdn.freesound.org/previews/35/35458_35187-hq.mp3;Ambiental;Kbps96;True;3
35459;Explosion 2.wav;jobro;2019;FontSonora|FrequenciaDeMostratge;https://cdn.freesound.org/previews/35/35459_35187-hq.mp3;Urbà;Kbps360;True;5,99995
322497;Explosion 13c;LiamG_SFX;2023;EnvolventADSR|FoleyArt;https://cdn.freesound.org/previews/322/322497_5514134-hq.mp3;Urbà;Kbps64;True;1,19819
446625;explosion.wav;IdkMrGarcia;2024;EnvolventADSR|Postprocessament|PaisatgeSonor|SoDielgetic|FoleyArt|TexturaSonora;https://cdn.freesound.org/previews/446/446625_984019-hq.mp3;Electrònic;Kbps192;True;2,73225
35463;Explosion 6.wav;jobro;2018;EnvolventADSR|MonoStereoAmbisonic|CaptacioDeCamp;https://cdn.freesound.org/previews/35/35463_35187-hq.mp3;Urbà;Kbps128;True;2,12129
482993;large explosion 1;V-ktor;2021;TexturaSonora|Postprocessament|PaisatgeSonor;https://cdn.freesound.org/previews/482/482993_8836484-hq.mp3;Natura;Kbps96;False;3,86853
434430;explosion05.wav;V-ktor;2023;TexturaSonora|FontSonora|EnvolventADSR|SoDielgetic|FoleyArt|AillamentAcustic;https://cdn.freesound.org/previews/434/434430_8836484-hq.mp3;Mecànic;Kbps192;False;3,02762
587444;Explosion / Gun - 2;SamsterBirdies;2019;TexturaSonora|SoDielgetic;https://cdn.freesound.org/previews/587/587444_5487341-hq.mp3;Urbà;Kbps64;True;5,98798
322505;Explosion 6;LiamG_SFX;2020;LlenguatgeSonor|FoleyArt|AillamentAcustic;https://cdn.freesound.org/previews/322/322505_5514134-hq.mp3;Electrònic;Kbps64;False;5,378
35460;Explosion 3.wav;jobro;2024;FoleyArt|MonoStereoAmbisonic|FrequenciaDeMostratge|CaptacioDeCamp|Postprocessament|LlenguatgeSonor;https://cdn.freesound.org/previews/35/35460_35187-hq.mp3;Ambiental;Kbps128;True;3
369524;Long Decay Explosion (1).wav;JohanDeecke;2020;EnvolventADSR|CaptacioDeCamp;https://cdn.freesound.org/previews/369/369524_6758928-hq.mp3;Urbà;Kbps128;True;2,26185
93835;Huge Explosion1.flac;CGEffex;2023;MonoStereoAmbisonic|TexturaSonora|SoDielgetic;https://cdn.freesound.org/previews/93/93835_1386366-hq.mp3;Foley;Kbps360;True;9,67399
434426;explosion01.wav;V-ktor;2024;Postprocessament|FontSonora|FoleyArt|LlenguatgeSonor|TexturaSonora|MonoStereoAmbisonic;https://cdn.freesound.org/previews/434/434426_8836484-hq.mp3;Mecànic;Kbps64;False;2,56066
434427;explosion08.wav;V-ktor;2022;TexturaSonora|PaisatgeSonor;https://cdn.freesound.org/previews/434/434427_8836484-hq.mp3;Electrònic;Kbps192;False;2,33896
621002;Cannon explosion sound 3;SamsterBirdies;2024;SoDielgetic|FrequenciaDeMostratge|LlenguatgeSonor|AillamentAcustic|CaptacioDeCamp|FontSonora;https://cdn.freesound.org/previews/621/621002_5487341-hq.mp3;Natura;Kbps192;True;3,0940599
35462;Explosion 5.wav;jobro;2020;LlenguatgeSonor|CaptacioDeCamp|Postprocessament|FoleyArt|AillamentAcustic|FontSonora;https://cdn.freesound.org/previews/35/35462_35187-hq.mp3;Ambiental;Kbps192;True;3
165911;Explosion 1.wav;Deganoth;2018;FrequenciaDeMostratge|MonoStereoAmbisonic|CaptacioDeCamp|LlenguatgeSonor|FoleyArt;https://cdn.freesound.org/previews/165/165911_1445941-hq.mp3;Foley;Kbps360;True;7,59907
434424;explosion03.wav;V-ktor;2021;FoleyArt|FrequenciaDeMostratge|EnvolventADSR|AillamentAcustic|SoDielgetic;https://cdn.freesound.org/previews/434/434424_8836484-hq.mp3;Mecànic;Kbps360;False;2,39651
322501;Explosion 14c;LiamG_SFX;2022;TexturaSonora|FrequenciaDeMostratge;https://cdn.freesound.org/previews/322/322501_5514134-hq.mp3;Urbà;Kbps192;True;2,25215
165910;Explosion 2.wav;Deganoth;2020;EnvolventADSR|FontSonora;https://cdn.freesound.org/previews/165/165910_1445941-hq.mp3;Natura;Kbps96;True;7,82694
563010;Explosion.mp3;florianreichelt;2018;FrequenciaDeMostratge|EnvolventADSR;https://cdn.freesound.org/previews/563/563010_6253486-hq.mp3;Electrònic;Kbps128;True;4,95698
317756;SFX_Explosion_09.wav;jalastram;2019;MonoStereoAmbisonic|Postprocessament|FrequenciaDeMostratge;https://cdn.freesound.org/previews/317/317756_3905081-hq.mp3;Ambiental;Kbps96;False;2,9530599
716972;EXPLDsgn_Engine Ignition Burst.Engine Start.Nitro.Flare.Blast.Explosion 1-3_EM;newlocknew;2022;;https://cdn.freesound.org/previews/716/716972_5828667-hq.mp3;Ambiental;Kbps64;True;7,78652
482992;large explosion 2;V-ktor;2023;MonoStereoAmbisonic|AillamentAcustic|EnvolventADSR|PaisatgeSonor|FontSonora|Postprocessament;https://cdn.freesound.org/previews/482/482992_8836484-hq.mp3;Foley;Kbps192;False;3,86853
347310;FUN-EXPLOSION03.wav;newagesoup;2019;PaisatgeSonor;https://cdn.freesound.org/previews/347/347310_4067257-hq.mp3;Urbà;Kbps96;True;3,75
609588;Firecracker Explosion;unfa;2021;PaisatgeSonor|AillamentAcustic|FoleyArt|CaptacioDeCamp|FontSonora|TexturaSonora;https://cdn.freesound.org/previews/609/609588_1038806-hq.mp3;Mecànic;Kbps128;True;2,26498
268557;Explosion_001.mp3;cydon;2020;FrequenciaDeMostratge|FoleyArt|LlenguatgeSonor|FontSonora;https://cdn.freesound.org/previews/268/268557_1148376-hq.mp3;Foley;Kbps128;True;5,6308299
317755;SFX_Explosion_10.wav;jalastram;2021;CaptacioDeCamp|EnvolventADSR|FontSonora|FrequenciaDeMostratge|SoDielgetic|FoleyArt;https://cdn.freesound.org/previews/317/317755_3905081-hq.mp3;Urbà;Kbps192;False;2,79683
322489;Explosion 7c;LiamG_SFX;2019;LlenguatgeSonor;https://cdn.freesound.org/previews/322/322489_5514134-hq.mp3;Natura;Kbps64;True;1,05034
784205;Cartoon Explosion (designed on cassette tape lol);modusmogulus;2020;FontSonora;https://cdn.freesound.org/previews/784/784205_15956618-hq.mp3;Urbà;Kbps128;True;3,69712
336004;Sharp Explosion 3 (of 5);Rudmer_Rotteveel;2020;MonoStereoAmbisonic|EnvolventADSR|FrequenciaDeMostratge|AillamentAcustic|FoleyArt;https://cdn.freesound.org/previews/336/336004_4921277-hq.mp3;Urbà;Kbps128;True;0,960068
322500;Explosion 14b;LiamG_SFX;2024;SoDielgetic|CaptacioDeCamp|EnvolventADSR|TexturaSonora|MonoStereoAmbisonic|LlenguatgeSonor;https://cdn.freesound.org/previews/322/322500_5514134-hq.mp3;Ambiental;Kbps64;True;3,42338
347317;FUN-EXPLOSION04.wav;newagesoup;2018;LlenguatgeSonor|CaptacioDeCamp|PaisatgeSonor|TexturaSonora|FontSonora|SoDielgetic;https://cdn.freesound.org/previews/347/347317_4067257-hq.mp3;Mecànic;Kbps192;True;4
165909;Explosion 3.wav;Deganoth;2022;Postprocessament|PaisatgeSonor|TexturaSonora|MonoStereoAmbisonic|FoleyArt;https://cdn.freesound.org/previews/165/165909_1445941-hq.mp3;Foley;Kbps192;True;6,768
268554;Explosion_004.mp3;cydon;2023;;https://cdn.freesound.org/previews/268/268554_1148376-hq.mp3;Foley;Kbps128;True;5,6781499
110115;Small Explosion.wav;ryansnook;2020;AillamentAcustic|MonoStereoAmbisonic|LlenguatgeSonor|FontSonora;https://cdn.freesound.org/previews/110/110115_430094-hq.mp3;Electrònic;Kbps64;True;1,17651
268555;Explosion_003.mp3;cydon;2024;LlenguatgeSonor|PaisatgeSonor|MonoStereoAmbisonic|Postprocessament;https://cdn.freesound.org/previews/268/268555_1148376-hq.mp3;Foley;Kbps96;True;4,33052
322507;Explosion 5;LiamG_SFX;2023;FontSonora|MonoStereoAmbisonic|FoleyArt;https://cdn.freesound.org/previews/322/322507_5514134-hq.mp3;Electrònic;Kbps96;True;2,50306
191694;Explosion 4;deleted_user_3544904;2020;FontSonora|FrequenciaDeMostratge|EnvolventADSR;https://cdn.freesound.org/previews/191/191694_3544904-hq.mp3;Urbà;Kbps360;True;6,5
110113;Medium Explosion.wav;ryansnook;2024;CaptacioDeCamp|PaisatgeSonor|Postprocessament;https://cdn.freesound.org/previews/110/110113_430094-hq.mp3;Electrònic;Kbps360;True;4,92147
750822;custom_short_explosion_impact_sound;Artninja;2019;LlenguatgeSonor;https://cdn.freesound.org/previews/750/750822_10996917-hq.mp3;Foley;Kbps64;True;4,65481
809191;Cellotape Percussion One Shot2;Soundsman23234;2024;FontSonora|MonoStereoAmbisonic|SoDielgetic|EnvolventADSR;https://cdn.freesound.org/previews/809/809191_9062490-hq.mp3;Electrònic;Kbps192;True;0,669184
809192;Cellotape Percussion One Shot20;Soundsman23234;2019;;https://cdn.freesound.org/previews/809/809192_9062490-hq.mp3;Ambiental;Kbps360;True;0,579977
809189;Cellotape Percussion One Shot18;Soundsman23234;2021;Postprocessament|PaisatgeSonor|TexturaSonora;https://cdn.freesound.org/previews/809/809189_9062490-hq.mp3;Urbà;Kbps128;True;0,62458
809188;Cellotape Percussion One Shot17;Soundsman23234;2021;;https://cdn.freesound.org/previews/809/809188_9062490-hq.mp3;Foley;Kbps64;True;0,446122
809187;Cellotape Percussion One Shot16;Soundsman23234;2018;FontSonora|LlenguatgeSonor|PaisatgeSonor;https://cdn.freesound.org/previews/809/809187_9062490-hq.mp3;Urbà;Kbps96;True;0,579977
809185;Cellotape Percussion One Shot14;Soundsman23234;2023;MonoStereoAmbisonic|TexturaSonora|FrequenciaDeMostratge;https://cdn.freesound.org/previews/809/809185_9062490-hq.mp3;Urbà;Kbps360;True;0,490748
809184;Cellotape Percussion One Shot13;Soundsman23234;2018;LlenguatgeSonor|Postprocessament|FrequenciaDeMostratge|SoDielgetic|EnvolventADSR|FoleyArt;https://cdn.freesound.org/previews/809/809184_9062490-hq.mp3;Ambiental;Kbps96;True;0,579977
809183;Cellotape Percussion One Shot12;Soundsman23234;2020;FontSonora|CaptacioDeCamp;https://cdn.freesound.org/previews/809/809183_9062490-hq.mp3;Urbà;Kbps192;True;0,535351
809186;Cellotape Percussion One Shot15;Soundsman23234;2020;CaptacioDeCamp|TexturaSonora|SoDielgetic|EnvolventADSR|FontSonora|LlenguatgeSonor;https://cdn.freesound.org/previews/809/809186_9062490-hq.mp3;Ambiental;Kbps128;True;0,535374
809182;Cellotape Percussion One Shot11;Soundsman23234;2022;MonoStereoAmbisonic|TexturaSonora|AillamentAcustic|SoDielgetic|EnvolventADSR|FontSonora;https://cdn.freesound.org/previews/809/809182_9062490-hq.mp3;Ambiental;Kbps64;True;0,446145
809181;Cellotape Percussion One Shot10;Soundsman23234;2024;PaisatgeSonor|AillamentAcustic;https://cdn.freesound.org/previews/809/809181_9062490-hq.mp3;Natura;Kbps128;True;0,401519
809180;Cellotape Percussion One Shot;Soundsman23234;2019;AillamentAcustic|PaisatgeSonor|LlenguatgeSonor|MonoStereoAmbisonic|CaptacioDeCamp;https://cdn.freesound.org/previews/809/809180_9062490-hq.mp3;Foley;Kbps360;True;0,669206
809195;Cellotape Percussion One Shot23;Soundsman23234;2023;SoDielgetic|EnvolventADSR|PaisatgeSonor|TexturaSonora;https://cdn.freesound.org/previews/809/809195_9062490-hq.mp3;Electrònic;Kbps96;True;0,535351
641149;Vocal one shot delayed - Yes y'all;Duisterwho;2019;SoDielgetic;https://cdn.freesound.org/previews/641/641149_13590673-hq.mp3;Foley;Kbps360;True;7,11698
809199;Cellotape Percussion One Shot4;Soundsman23234;2021;EnvolventADSR|TexturaSonora|MonoStereoAmbisonic|LlenguatgeSonor|FrequenciaDeMostratge;https://cdn.freesound.org/previews/809/809199_9062490-hq.mp3;Foley;Kbps192;True;0,669206
641148;Vocal one shot - Yes y'all;Duisterwho;2021;FrequenciaDeMostratge|MonoStereoAmbisonic|EnvolventADSR|PaisatgeSonor;https://cdn.freesound.org/previews/641/641148_13590673-hq.mp3;Natura;Kbps96;True;0,756979
76091;22 rifle multiple shots.wav;Tito Lahaye;2021;FoleyArt|EnvolventADSR|PaisatgeSonor|CaptacioDeCamp;https://cdn.freesound.org/previews/76/76091_453534-hq.mp3;Urbà;Kbps128;True;5,46605
325665;Sammy's Best - Single Shot 2;sloppyjoe24;2020;AillamentAcustic|SoDielgetic;https://cdn.freesound.org/previews/325/325665_2742545-hq.mp3;Electrònic;Kbps192;True;6,42133
76089;22 rifle 1 shot.wav;Tito Lahaye;2018;TexturaSonora|SoDielgetic|LlenguatgeSonor;https://cdn.freesound.org/previews/76/76089_453534-hq.mp3;Urbà;Kbps96;True;1,01336
325666;Sammy's Best - Single Shot 1;sloppyjoe24;2018;LlenguatgeSonor|CaptacioDeCamp|AillamentAcustic|PaisatgeSonor|FontSonora|TexturaSonora;https://cdn.freesound.org/previews/325/325666_2742545-hq.mp3;Mecànic;Kbps96;True;7,328
325667;Sammy's Best - Single Shot 6;sloppyjoe24;2023;TexturaSonora|FontSonora;https://cdn.freesound.org/previews/325/325667_2742545-hq.mp3;Electrònic;Kbps360;True;5,632
76094;45-2 shots distant.wav;Tito Lahaye;2022;MonoStereoAmbisonic;https://cdn.freesound.org/previews/76/76094_453534-hq.mp3;Ambiental;Kbps96;True;3,80132
76090;22 rifle 2 shots.wav;Tito Lahaye;2023;;https://cdn.freesound.org/previews/76/76090_453534-hq.mp3;Natura;Kbps128;True;2,47329
809196;Cellotape Percussion One Shot24;Soundsman23234;2020;AillamentAcustic;https://cdn.freesound.org/previews/809/809196_9062490-hq.mp3;Mecànic;Kbps360;True;0,401519
809197;Cellotape Percussion One Shot25;Soundsman23234;2018;SoDielgetic|PaisatgeSonor|EnvolventADSR|AillamentAcustic|Postprocessament;https://cdn.freesound.org/previews/809/809197_9062490-hq.mp3;Electrònic;Kbps128;True;0,401519
325664;Sammy's Best - Single Shot 3;sloppyjoe24;2022;AillamentAcustic|Postprocessament|MonoStereoAmbisonic|FrequenciaDeMostratge|PaisatgeSonor;https://cdn.freesound.org/previews/325/325664_2742545-hq.mp3;Mecànic;Kbps64;True;7,264
219456;Steampunk Crossbow Shot 2;qubodup;2024;;https://cdn.freesound.org/previews/219/219456_71257-hq.mp3;Urbà;Kbps360;True;1,25
325668;Sammy's Best - Single Shot 5;sloppyjoe24;2020;FrequenciaDeMostratge|PaisatgeSonor|Postprocessament|LlenguatgeSonor|AillamentAcustic|SoDielgetic;https://cdn.freesound.org/previews/325/325668_2742545-hq.mp3;Mecànic;Kbps128;True;8,05333
809194;Cellotape Percussion One Shot22;Soundsman23234;2018;FontSonora;https://cdn.freesound.org/previews/809/809194_9062490-hq.mp3;Mecànic;Kbps128;True;0,446122
348163;laser one-shot #2.wav;djfroyd;2020;CaptacioDeCamp|Postprocessament|FoleyArt|PaisatgeSonor|FrequenciaDeMostratge|TexturaSonora;https://cdn.freesound.org/previews/348/348163_4766646-hq.mp3;Natura;Kbps64;False;1,87501
35799;glock_one_shot.wav;kante;2023;;https://cdn.freesound.org/previews/35/35799_349871-hq.mp3;Mecànic;Kbps192;True;1,52351
219457;Steampunk Crossbow Shot 1;qubodup;2022;SoDielgetic|FrequenciaDeMostratge|MonoStereoAmbisonic|AillamentAcustic;https://cdn.freesound.org/previews/219/219457_71257-hq.mp3;Natura;Kbps128;True;1,25
348164;laser one-shot #1.wav;djfroyd;2024;SoDielgetic|MonoStereoAmbisonic;https://cdn.freesound.org/previews/348/348164_4766646-hq.mp3;Foley;Kbps192;False;1,87501
219455;Steampunk Crossbow Shot 3;qubodup;2020;CaptacioDeCamp|EnvolventADSR|Postprocessament|TexturaSonora;https://cdn.freesound.org/previews/219/219455_71257-hq.mp3;Natura;Kbps96;True;1,25
348162;laser one-shot #3.wav;djfroyd;2022;CaptacioDeCamp|SoDielgetic;https://cdn.freesound.org/previews/348/348162_4766646-hq.mp3;Foley;Kbps128;False;1,87501
809193;Cellotape Percussion One Shot21;Soundsman23234;2020;MonoStereoAmbisonic|FrequenciaDeMostratge|CaptacioDeCamp|Postprocessament;https://cdn.freesound.org/previews/809/809193_9062490-hq.mp3;Electrònic;Kbps360;True;0,579977
86278;12 gauge shot gun.wav;Tito Lahaye;2019;AillamentAcustic|TexturaSonora|SoDielgetic;https://cdn.freesound.org/previews/86/86278_453534-hq.mp3;Natura;Kbps128;True;1,38413
569847;Gun Shot #1;danlucaz;2023;EnvolventADSR;https://cdn.freesound.org/previews/569/569847_9996727-hq.mp3;Electrònic;Kbps96;True;1,88463
809190;Cellotape Percussion One Shot19;Soundsman23234;2024;;https://cdn.freesound.org/previews/809/809190_9062490-hq.mp3;Urbà;Kbps128;True;0,535351
809198;Cellotape Percussion One Shot3;Soundsman23234;2023;Postprocessament;https://cdn.freesound.org/previews/809/809198_9062490-hq.mp3;Mecànic;Kbps64;True;0,535351
427396;Plasma - Lazer Pistol Gun Shot 1;Erokia;2019;AillamentAcustic;https://cdn.freesound.org/previews/427/427396_9497060-hq.mp3;Electrònic;Kbps192;True;5,84227
476741;Shot,scifi,powerdown,buildShort,highs.wav;CJDeets;2019;TexturaSonora|MonoStereoAmbisonic;https://cdn.freesound.org/previews/476/476741_8074450-hq.mp3;Electrònic;Kbps192;True;2,12744
476740;Shot,scifi,powerdown.wav;CJDeets;2021;LlenguatgeSonor|FontSonora|CaptacioDeCamp|Postprocessament|TexturaSonora;https://cdn.freesound.org/previews/476/476740_8074450-hq.mp3;Mecànic;Kbps64;True;1,45819
325663;Sammy's Best - Single Shot 4;sloppyjoe24;2024;LlenguatgeSonor|FrequenciaDeMostratge;https://cdn.freesound.org/previews/325/325663_2742545-hq.mp3;Electrònic;Kbps96;True;7,47733
462356;alotf_shot_fx_fly.wav;sdotlyre;2019;TexturaSonora;https://cdn.freesound.org/previews/462/462356_9683817-hq.mp3;Foley;Kbps64;True;3,8654
462355;alotf_shot_fx_deep bubz.wav;sdotlyre;2021;AillamentAcustic|LlenguatgeSonor|SoDielgetic|MonoStereoAmbisonic;https://cdn.freesound.org/previews/462/462355_9683817-hq.mp3;Natura;Kbps96;True;2,76923
462352;alotf_shot_perc_thunk.wav;sdotlyre;2019;;https://cdn.freesound.org/previews/462/462352_9683817-hq.mp3;Foley;Kbps96;True;0,956236
514036;blaster shot 5_2(Sytrus,rsmpl,3lrs,multiprcsng)series.wav;newlocknew;2023;EnvolventADSR;https://cdn.freesound.org/previews/514/514036_5828667-hq.mp3;Electrònic;Kbps96;True;9,25
514027;blaster shot 10_5(Sytrus,rsmpl,2lrs,multiprcsng)series.wav;newlocknew;2020;LlenguatgeSonor|EnvolventADSR|SoDielgetic;https://cdn.freesound.org/previews/514/514027_5828667-hq.mp3;Ambiental;Kbps192;True;2,39762
514025;blaster shot 10_3(Sytrus,rsmpl,2lrs,multiprcsng)series.wav;newlocknew;2018;TexturaSonora|EnvolventADSR;https://cdn.freesound.org/previews/514/514025_5828667-hq.mp3;Ambiental;Kbps96;True;2,3202
514023;blaster shot 10_4(Sytrus,rsmpl,3lrs,multiprcsng)series.wav;newlocknew;2022;PaisatgeSonor|FrequenciaDeMostratge;https://cdn.freesound.org/previews/514/514023_5828667-hq.mp3;Foley;Kbps64;True;2,25061
514021;blaster shot 10_1(Sytrus,rsmpl,multiprcsng)series.wav;newlocknew;2019;MonoStereoAmbisonic|Postprocessament;https://cdn.freesound.org/previews/514/514021_5828667-hq.mp3;Foley;Kbps360;True;2,14587
514019;blaster shot 10_2(Sytrus,rsmpl,3lrs,multiprcsng)series.wav;newlocknew;2023;FrequenciaDeMostratge;https://cdn.freesound.org/previews/514/514019_5828667-hq.mp3;Foley;Kbps192;True;2,31583
641372;Just!;Duisterwho;2020;TexturaSonora|PaisatgeSonor|CaptacioDeCamp|AillamentAcustic;https://cdn.freesound.org/previews/641/641372_13590673-hq.mp3;Foley;Kbps96;True;0,5
641358;KOOF!;Duisterwho;2021;CaptacioDeCamp|EnvolventADSR;https://cdn.freesound.org/previews/641/641358_13590673-hq.mp3;Electrònic;Kbps128;True;0,5
641327;Shoutout for DJ name;Duisterwho;2023;CaptacioDeCamp;https://cdn.freesound.org/previews/641/641327_13590673-hq.mp3;Urbà;Kbps64;True;2,24498
641325;listen up now this is DJ.mp3;Duisterwho;2019;;https://cdn.freesound.org/previews/641/641325_13590673-hq.mp3;Foley;Kbps360;True;2,24498
563335;Scratcher.wav;BaDoink;2022;TexturaSonora;https://cdn.freesound.org/previews/563/563335_2019171-hq.mp3;Electrònic;Kbps128;False;1,63599
563327;Flunge.wav;BaDoink;2022;;https://cdn.freesound.org/previews/563/563327_2019171-hq.mp3;Electrònic;Kbps192;False;2,3250099
563326;Introducing.wav;BaDoink;2020;CaptacioDeCamp|Postprocessament|FoleyArt;https://cdn.freesound.org/previews/563/563326_2019171-hq.mp3;Ambiental;Kbps360;False;2,14299
563325;Lemonhead.wav;BaDoink;2022;LlenguatgeSonor|FontSonora|PaisatgeSonor|TexturaSonora|FrequenciaDeMostratge|EnvolventADSR;https://cdn.freesound.org/previews/563/563325_2019171-hq.mp3;Urbà;Kbps96;False;1,81039
561419;Low Balls.wav;BaDoink;2021;MonoStereoAmbisonic;https://cdn.freesound.org/previews/561/561419_2019171-hq.mp3;Foley;Kbps360;False;0,499002
561417;MMMMMmmmh.wav;BaDoink;2018;CaptacioDeCamp;https://cdn.freesound.org/previews/561/561417_2019171-hq.mp3;Foley;Kbps192;False;0,336689
561415;Excuse Me.wav;BaDoink;2018;;https://cdn.freesound.org/previews/561/561415_2019171-hq.mp3;Electrònic;Kbps192;False;0,973651
561414;FX Lizard.wav;BaDoink;2024;PaisatgeSonor|FoleyArt|FontSonora|CaptacioDeCamp;https://cdn.freesound.org/previews/561/561414_2019171-hq.mp3;Natura;Kbps360;False;1,29401
561413;Frogger1.wav;BaDoink;2022;;https://cdn.freesound.org/previews/561/561413_2019171-hq.mp3;Mecànic;Kbps64;False;0,708005
561412;Juicy Plop.wav;BaDoink;2022;TexturaSonora|AillamentAcustic|FoleyArt;https://cdn.freesound.org/previews/561/561412_2019171-hq.mp3;Natura;Kbps128;False;0,464014
691689;drumhit_Kick5;DigitalUnderglow;2023;FoleyArt|PaisatgeSonor|Postprocessament;https://cdn.freesound.org/previews/691/691689_14904072-hq.mp3;Urbà;Kbps96;True;0,45
691688;drumhit_Kick4;DigitalUnderglow;2020;;https://cdn.freesound.org/previews/691/691688_14904072-hq.mp3;Mecànic;Kbps128;True;0,409093
514060;blaster shot 8_2(Sytrus,rsmpl,2lrs,multiprcsng)single.wav;newlocknew;2021;FrequenciaDeMostratge|FoleyArt|MonoStereoAmbisonic|PaisatgeSonor;https://cdn.freesound.org/previews/514/514060_5828667-hq.mp3;Mecànic;Kbps96;True;7,25
514059;blaster shot 9_1(Sytrus,rsmpl,multiprcsng)series.wav;newlocknew;2023;LlenguatgeSonor;https://cdn.freesound.org/previews/514/514059_5828667-hq.mp3;Electrònic;Kbps192;True;2,17279
691691;drumhit_Kick8;DigitalUnderglow;2019;FoleyArt|MonoStereoAmbisonic|FrequenciaDeMostratge|FontSonora;https://cdn.freesound.org/previews/691/691691_14904072-hq.mp3;Electrònic;Kbps128;True;2
691692;drumhit_Kick9;DigitalUnderglow;2019;;https://cdn.freesound.org/previews/691/691692_14904072-hq.mp3;Natura;Kbps96;True;0,360227
514061;blaster shot 9_2(Sytrus,rsmpl,2lrs,multiprcsng)series.wav;newlocknew;2019;TexturaSonora;https://cdn.freesound.org/previews/514/514061_5828667-hq.mp3;Electrònic;Kbps360;True;2,31907
691690;drumhit_Kick7;DigitalUnderglow;2023;;https://cdn.freesound.org/previews/691/691690_14904072-hq.mp3;Foley;Kbps360;True;0,781247
620824;get yourself a shot.wav;theplax;2020;FrequenciaDeMostratge|CaptacioDeCamp|FoleyArt|SoDielgetic|AillamentAcustic|FontSonora;https://cdn.freesound.org/previews/620/620824_12172648-hq.mp3;Electrònic;Kbps128;True;5,88842
514057;blaster shot 8_2(Sytrus,rsmpl,2lrs,multiprcsng)series.wav;newlocknew;2021;;https://cdn.freesound.org/previews/514/514057_5828667-hq.mp3;Ambiental;Kbps96;True;2,16585
563334;Retro Print.wav;BaDoink;2024;LlenguatgeSonor|FrequenciaDeMostratge|MonoStereoAmbisonic|FoleyArt;https://cdn.freesound.org/previews/563/563334_2019171-hq.mp3;Mecànic;Kbps360;False;1,38932
693163;drumhit_snare20;DigitalUnderglow;2022;PaisatgeSonor|SoDielgetic|LlenguatgeSonor|FrequenciaDeMostratge;https://cdn.freesound.org/previews/693/693163_14904072-hq.mp3;Urbà;Kbps360;True;1,44444
516754;X-Shot Chaos Meteor Trigger;ImAFoley;2022;;https://cdn.freesound.org/previews/516/516754_7117640-hq.mp3;Natura;Kbps64;True;4,64827
691686;drumhit_Kick24;DigitalUnderglow;2024;;https://cdn.freesound.org/previews/691/691686_14904072-hq.mp3;Electrònic;Kbps64;True;0,642177
693179;drumhit_snare9;DigitalUnderglow;2023;PaisatgeSonor|LlenguatgeSonor|Postprocessament|SoDielgetic|FontSonora|CaptacioDeCamp;https://cdn.freesound.org/previews/693/693179_14904072-hq.mp3;Electrònic;Kbps360;True;0,581066
462360;alotf_shot_cymb2.wav;sdotlyre;2024;FontSonora|MonoStereoAmbisonic;https://cdn.freesound.org/previews/462/462360_9683817-hq.mp3;Ambiental;Kbps128;True;1,10671
462359;alotf_shot_cymb.wav;sdotlyre;2019;PaisatgeSonor|TexturaSonora|FontSonora|AillamentAcustic|CaptacioDeCamp;https://cdn.freesound.org/previews/462/462359_9683817-hq.mp3;Urbà;Kbps360;True;0,461542
691683;drumhit_Kick21;DigitalUnderglow;2022;FoleyArt|SoDielgetic|MonoStereoAmbisonic;https://cdn.freesound.org/previews/691/691683_14904072-hq.mp3;Urbà;Kbps128;True;0,25
691684;drumhit_Kick22;DigitalUnderglow;2020;FontSonora|Postprocessament|MonoStereoAmbisonic|FoleyArt|LlenguatgeSonor|SoDielgetic;https://cdn.freesound.org/previews/691/691684_14904072-hq.mp3;Ambiental;Kbps64;True;0,444444
514627;Retro, Shots.wav;LilMati;2020;FrequenciaDeMostratge|Postprocessament|LlenguatgeSonor|MonoStereoAmbisonic|FontSonora|FoleyArt;https://cdn.freesound.org/previews/514/514627_6142149-hq.mp3;Mecànic;Kbps96;True;1,45687
13251;snare rim shot.aif;ianhall;2020;LlenguatgeSonor|TexturaSonora;https://cdn.freesound.org/previews/13/13251_36719-hq.mp3;Electrònic;Kbps128;False;1,75471
691680;drumhit_Kick19;DigitalUnderglow;2021;MonoStereoAmbisonic|Postprocessament|FontSonora|PaisatgeSonor|AillamentAcustic|FoleyArt;https://cdn.freesound.org/previews/691/691680_14904072-hq.mp3;Foley;Kbps192;True;2,18181
169743;M1 Abrams Tank Engine and Shots (wOmBZerNccI);qubodup;2020;FrequenciaDeMostratge|AillamentAcustic|TexturaSonora|FontSonora|MonoStereoAmbisonic;https://cdn.freesound.org/previews/169/169743_71257-hq.mp3;Natura;Kbps64;True;8,00601
445348;FX - SHOT - Experimental gun 02;bolkmar;2018;SoDielgetic|Postprocessament|PaisatgeSonor|CaptacioDeCamp|EnvolventADSR;https://cdn.freesound.org/previews/445/445348_2927958-hq.mp3;Natura;Kbps64;False;0,65125
563331;Mini Boo.wav;BaDoink;2020;;https://cdn.freesound.org/previews/563/563331_2019171-hq.mp3;Foley;Kbps128;False;0,28
693162;drumhit_snare2;DigitalUnderglow;2022;;https://cdn.freesound.org/previews/693/693162_14904072-hq.mp3;Electrònic;Kbps64;True;3,11111
693161;drumhit_snare19;DigitalUnderglow;2019;MonoStereoAmbisonic|CaptacioDeCamp|FontSonora|Postprocessament;https://cdn.freesound.org/previews/693/693161_14904072-hq.mp3;Natura;Kbps128;True;0,7763719
563333;aTSnare.wav;BaDoink;2019;FrequenciaDeMostratge;https://cdn.freesound.org/previews/563/563333_2019171-hq.mp3;Electrònic;Kbps96;False;1,051
693159;drumhit_snare17;DigitalUnderglow;2023;AillamentAcustic|MonoStereoAmbisonic|SoDielgetic;https://cdn.freesound.org/previews/693/693159_14904072-hq.mp3;Natura;Kbps96;True;1,71347
693158;drumhit_snare16;DigitalUnderglow;2024;;https://cdn.freesound.org/previews/693/693158_14904072-hq.mp3;Urbà;Kbps96;True;0,71288
514046;blaster shot 10_5(Sytrus,rsmpl,2lrs,multiprcsng)single.wav;newlocknew;2023;FrequenciaDeMostratge|AillamentAcustic;https://cdn.freesound.org/previews/514/514046_5828667-hq.mp3;Foley;Kbps128;True;2,73141
693160;drumhit_snare18;DigitalUnderglow;2019;;https://cdn.freesound.org/previews/693/693160_14904072-hq.mp3;Mecànic;Kbps192;True;0,659093
7062;Sonic Valley Productions-22 Cal Semi - Single Shot.wav;deleted_user_2304;2018;;https://cdn.freesound.org/previews/7/7062_2304-hq.mp3;Mecànic;Kbps360;True;2,34535
798307;Rivesaltes - Bird Mono;Sadiquecat;2020;Postprocessament|PaisatgeSonor|FontSonora;https://cdn.freesound.org/previews/798/798307_5287430-hq.mp3;Mecànic;Kbps128;False;4,9795
507258;Bird Noise - 2.wav;SpaceJoe;2020;TexturaSonora;https://cdn.freesound.org/previews/507/507258_6150892-hq.mp3;Natura;Kbps96;True;1,72322
507257;Bird Noise - 1.wav;SpaceJoe;2022;FontSonora|AillamentAcustic|TexturaSonora|Postprocessament;https://cdn.freesound.org/previews/507/507257_6150892-hq.mp3;Foley;Kbps192;True;2,14535
507256;Bird Noise - 10.wav;SpaceJoe;2022;;https://cdn.freesound.org/previews/507/507256_6150892-hq.mp3;Urbà;Kbps192;True;2,99392
507259;Bird Noise - 15.wav;SpaceJoe;2018;CaptacioDeCamp|PaisatgeSonor|LlenguatgeSonor|FoleyArt;https://cdn.freesound.org/previews/507/507259_6150892-hq.mp3;Foley;Kbps360;True;2,71107
510189;bird1.wav;mrmicrowv;2024;MonoStereoAmbisonic|FontSonora;https://cdn.freesound.org/previews/510/510189_10228144-hq.mp3;Mecànic;Kbps192;True;1,00283
510187;bird3.wav;mrmicrowv;2021;CaptacioDeCamp|LlenguatgeSonor;https://cdn.freesound.org/previews/510/510187_10228144-hq.mp3;Mecànic;Kbps128;True;2,00342
244988;small bird 2;VitaminL;2022;PaisatgeSonor|AillamentAcustic|FoleyArt|Postprocessament;https://cdn.freesound.org/previews/244/244988_660090-hq.mp3;Ambiental;Kbps64;True;1,62499
484368;Bird - 1.wav;SpaceJoe;2024;TexturaSonora|SoDielgetic|FoleyArt|AillamentAcustic|CaptacioDeCamp;https://cdn.freesound.org/previews/484/484368_6150892-hq.mp3;Electrònic;Kbps360;True;1,63218
342162;starling bird short voice_02.mp3;Ragu21;2023;AillamentAcustic|PaisatgeSonor|LlenguatgeSonor|Postprocessament|EnvolventADSR;https://cdn.freesound.org/previews/342/342162_6099553-hq.mp3;Natura;Kbps96;True;0,152381
620536;wingbeat small bird  DeNoise 200506_0173.wav;klankbeeld;2023;FontSonora|SoDielgetic|EnvolventADSR;https://cdn.freesound.org/previews/620/620536_1648170-hq.mp3;Foley;Kbps192;True;3,49646
802702;250427-13h43 Bird flying by;Sadiquecat;2023;PaisatgeSonor|FontSonora|Postprocessament;https://cdn.freesound.org/previews/802/802702_5287430-hq.mp3;Electrònic;Kbps96;True;3,48635
342163;starling bird short voice_01.mp3;Ragu21;2021;PaisatgeSonor|Postprocessament;https://cdn.freesound.org/previews/342/342163_6099553-hq.mp3;Foley;Kbps360;True;0,316372
9325;bird tweet 2.aif;tigersound;2019;SoDielgetic|LlenguatgeSonor;https://cdn.freesound.org/previews/9/9325_23035-hq.mp3;Mecànic;Kbps192;True;0,623061
338280;bird1.wav;Andreas.Mustola;2021;FrequenciaDeMostratge|FoleyArt|MonoStereoAmbisonic|TexturaSonora|CaptacioDeCamp;https://cdn.freesound.org/previews/338/338280_1216015-hq.mp3;Electrònic;Kbps360;True;0,499229
581314;Bird - Pajaro 5.ogg;Lunevix;2020;FontSonora|CaptacioDeCamp|EnvolventADSR|AillamentAcustic|TexturaSonora|MonoStereoAmbisonic;https://cdn.freesound.org/previews/581/581314_4517415-hq.mp3;Natura;Kbps192;True;0,437375
517736;Bird Sound #1;danlucaz;2018;;https://cdn.freesound.org/previews/517/517736_9996727-hq.mp3;Urbà;Kbps192;False;3,46156
510939;Bird Honk - 2.wav;SpaceJoe;2024;PaisatgeSonor;https://cdn.freesound.org/previews/510/510939_6150892-hq.mp3;Urbà;Kbps64;True;0,835918
168438;Bird-Like-Chair-Squeak-2.flac;dland;2024;;https://cdn.freesound.org/previews/168/168438_274531-hq.mp3;Foley;Kbps128;False;1,85363
342161;starling bird short voice_03.mp3;Ragu21;2018;AillamentAcustic|EnvolventADSR;https://cdn.freesound.org/previews/342/342161_6099553-hq.mp3;Foley;Kbps192;True;0,497778
802718;250427-15h50 weird bird cry;Sadiquecat;2024;Postprocessament|TexturaSonora|FrequenciaDeMostratge|PaisatgeSonor|SoDielgetic|FontSonora;https://cdn.freesound.org/previews/802/802718_5287430-hq.mp3;Ambiental;Kbps64;True;0,550458
802073;Bird-Flyby XY;Sadiquecat;2021;SoDielgetic|TexturaSonora|FrequenciaDeMostratge|PaisatgeSonor|Postprocessament|LlenguatgeSonor;https://cdn.freesound.org/previews/802/802073_5287430-hq.mp3;Urbà;Kbps96;True;4,15167
816426;13550 crane bird scream;Robinhood76;2019;Postprocessament|SoDielgetic;https://cdn.freesound.org/previews/816/816426_321967-hq.mp3;Electrònic;Kbps64;True;1,66358
168436;Bird-Like-Chair-Squeak-4.flac;dland;2021;FrequenciaDeMostratge|CaptacioDeCamp|LlenguatgeSonor|FoleyArt|MonoStereoAmbisonic|FontSonora;https://cdn.freesound.org/previews/168/168436_274531-hq.mp3;Urbà;Kbps360;False;3,28494
507269;Bird Noise - 8.wav;SpaceJoe;2018;SoDielgetic|LlenguatgeSonor|MonoStereoAmbisonic|FoleyArt|FrequenciaDeMostratge|AillamentAcustic;https://cdn.freesound.org/previews/507/507269_6150892-hq.mp3;Mecànic;Kbps64;True;2,91993
754903;Spooky bird whistle;todorrobot;2023;AillamentAcustic;https://cdn.freesound.org/previews/754/754903_2493710-hq.mp3;Ambiental;Kbps192;True;2,688
802720;250427-15h57 Gergueil Bird;Sadiquecat;2020;MonoStereoAmbisonic|LlenguatgeSonor|TexturaSonora|FrequenciaDeMostratge|FoleyArt|Postprocessament;https://cdn.freesound.org/previews/802/802720_5287430-hq.mp3;Ambiental;Kbps128;True;7,44702
484367;Bird - 2.wav;SpaceJoe;2019;CaptacioDeCamp|MonoStereoAmbisonic;https://cdn.freesound.org/previews/484/484367_6150892-hq.mp3;Mecànic;Kbps96;True;1,90422
519061;bird05.wav;l0vebliss;2018;TexturaSonora|FoleyArt;https://cdn.freesound.org/previews/519/519061_3189774-hq.mp3;Ambiental;Kbps128;True;3,60267
389587;bit crunched flanged birds.aif;techyactor15;2024;FrequenciaDeMostratge|FoleyArt|EnvolventADSR|AillamentAcustic|TexturaSonora;https://cdn.freesound.org/previews/389/389587_4031233-hq.mp3;Natura;Kbps96;True;7,42737
389586;short birds high noise floor.aif;techyactor15;2019;FontSonora|AillamentAcustic;https://cdn.freesound.org/previews/389/389586_4031233-hq.mp3;Foley;Kbps192;True;7,42737
342160;starling bird short voice_04.mp3;Ragu21;2020;FontSonora|MonoStereoAmbisonic|FrequenciaDeMostratge|PaisatgeSonor|TexturaSonora;https://cdn.freesound.org/previews/342/342160_6099553-hq.mp3;Natura;Kbps64;True;0,708209
19628;BBG-E05-Birds.mp3;Freed;2018;FrequenciaDeMostratge|CaptacioDeCamp|MonoStereoAmbisonic|AillamentAcustic|Postprocessament|SoDielgetic;https://cdn.freesound.org/previews/19/19628_600-hq.mp3;Natura;Kbps64;True;5,05576
607887;Bem-te-vi bird 2.wav;joseneto.sound;2023;CaptacioDeCamp;https://cdn.freesound.org/previews/607/607887_7405868-hq.mp3;Mecànic;Kbps64;True;1,42078
484366;Bird - 3.wav;SpaceJoe;2021;Postprocessament|FrequenciaDeMostratge|AillamentAcustic|FoleyArt|SoDielgetic;https://cdn.freesound.org/previews/484/484366_6150892-hq.mp3;Electrònic;Kbps192;True;1,5463499
607888;Bem-te-vi bird 1.wav;joseneto.sound;2021;TexturaSonora|SoDielgetic|FoleyArt|Postprocessament|CaptacioDeCamp;https://cdn.freesound.org/previews/607/607888_7405868-hq.mp3;Electrònic;Kbps192;True;1,2643899
168439;Bird-Like-Chair-Squeak-1.flac;dland;2021;EnvolventADSR|PaisatgeSonor|SoDielgetic;https://cdn.freesound.org/previews/168/168439_274531-hq.mp3;Ambiental;Kbps192;False;1,79549
511094;Happy Bird Singing;se2001;2020;CaptacioDeCamp;https://cdn.freesound.org/previews/511/511094_8472935-hq.mp3;Ambiental;Kbps360;True;2,64528
338278;bird3.wav;Andreas.Mustola;2018;FontSonora|TexturaSonora|LlenguatgeSonor|FoleyArt|FrequenciaDeMostratge;https://cdn.freesound.org/previews/338/338278_1216015-hq.mp3;Electrònic;Kbps192;True;1,05651
473949;bird 3;norwayjohn;2024;FoleyArt|CaptacioDeCamp|Postprocessament|LlenguatgeSonor;https://cdn.freesound.org/previews/473/473949_1944470-hq.mp3;Mecànic;Kbps64;False;6,38113
510188;bird2.wav;mrmicrowv;2019;TexturaSonora|SoDielgetic|FontSonora|CaptacioDeCamp|FrequenciaDeMostratge;https://cdn.freesound.org/previews/510/510188_10228144-hq.mp3;Electrònic;Kbps64;True;2,89676
519058;bird01.wav;l0vebliss;2024;TexturaSonora|CaptacioDeCamp|AillamentAcustic|FontSonora|PaisatgeSonor;https://cdn.freesound.org/previews/519/519058_3189774-hq.mp3;Natura;Kbps128;True;3,86713
509293;Bird_Cherp_28.wav;xFromarge1;2023;AillamentAcustic;https://cdn.freesound.org/previews/509/509293_6759617-hq.mp3;Mecànic;Kbps64;True;1,59134
581313;Bird - Pajaro 6.ogg;Lunevix;2023;MonoStereoAmbisonic|SoDielgetic;https://cdn.freesound.org/previews/581/581313_4517415-hq.mp3;Foley;Kbps64;True;0,865375
517735;Bird Sound #2;danlucaz;2024;FoleyArt|PaisatgeSonor|LlenguatgeSonor|EnvolventADSR;https://cdn.freesound.org/previews/517/517735_9996727-hq.mp3;Ambiental;Kbps96;False;3,21039
507267;Bird Noise - 9.wav;SpaceJoe;2022;EnvolventADSR|PaisatgeSonor|FrequenciaDeMostratge|Postprocessament|SoDielgetic;https://cdn.freesound.org/previews/507/507267_6150892-hq.mp3;Ambiental;Kbps360;True;3,17234
338279;bird2.wav;Andreas.Mustola;2023;MonoStereoAmbisonic;https://cdn.freesound.org/previews/338/338279_1216015-hq.mp3;Mecànic;Kbps96;True;1,11456
801870;Unidentified bird XY - 250418-14h10ish Gergueil;Sadiquecat;2020;LlenguatgeSonor|FrequenciaDeMostratge|EnvolventADSR|FoleyArt|SoDielgetic|TexturaSonora;https://cdn.freesound.org/previews/801/801870_5287430-hq.mp3;Foley;Kbps192;True;4,50498
474354;An Unheard of Bird Call:;Mr.JJ;2021;FrequenciaDeMostratge;https://cdn.freesound.org/previews/474/474354_9977194-hq.mp3;Foley;Kbps64;True;6,63213
509321;Bird_Cherp_42.wav;xFromarge1;2020;TexturaSonora|PaisatgeSonor|CaptacioDeCamp|EnvolventADSR|AillamentAcustic|FrequenciaDeMostratge;https://cdn.freesound.org/previews/509/509321_6759617-hq.mp3;Electrònic;Kbps192;True;2,27404
811843;Bird Tweet 1;Aislink;2019;;https://cdn.freesound.org/previews/811/811843_1879886-hq.mp3;Ambiental;Kbps192;True;3,15
510190;bird5.wav;mrmicrowv;2022;AillamentAcustic|FrequenciaDeMostratge|CaptacioDeCamp|Postprocessament|LlenguatgeSonor|MonoStereoAmbisonic;https://cdn.freesound.org/previews/510/510190_10228144-hq.mp3;Foley;Kbps96;True;0,995057
510938;Bird Honk - 3.wav;SpaceJoe;2019;FoleyArt|SoDielgetic|Postprocessament|PaisatgeSonor;https://cdn.freesound.org/previews/510/510938_6150892-hq.mp3;Foley;Kbps128;True;1,541
244989;small bird 3;VitaminL;2020;TexturaSonora;https://cdn.freesound.org/previews/244/244989_660090-hq.mp3;Urbà;Kbps192;True;3
507255;Bird Noise - 11.wav;SpaceJoe;2019;MonoStereoAmbisonic|FoleyArt|FontSonora|FrequenciaDeMostratge;https://cdn.freesound.org/previews/507/507255_6150892-hq.mp3;Foley;Kbps96;True;4,23413
507266;Bird Noise - 7.wav;SpaceJoe;2024;CaptacioDeCamp|MonoStereoAmbisonic;https://cdn.freesound.org/previews/507/507266_6150892-hq.mp3;Urbà;Kbps96;True;3,1766899
519056;bird03.wav;l0vebliss;2022;LlenguatgeSonor|FrequenciaDeMostratge|SoDielgetic|PaisatgeSonor|CaptacioDeCamp;https://cdn.freesound.org/previews/519/519056_3189774-hq.mp3;Natura;Kbps96;True;4,86948
513712;single bird chirp - 1;Luke100000;2024;SoDielgetic|MonoStereoAmbisonic|TexturaSonora|PaisatgeSonor|CaptacioDeCamp|LlenguatgeSonor;https://cdn.freesound.org/previews/513/513712_3211895-hq.mp3;Mecànic;Kbps360;False;0,296213
513711;single bird chirp - 2;Luke100000;2019;Postprocessament|CaptacioDeCamp;https://cdn.freesound.org/previews/513/513711_3211895-hq.mp3;Urbà;Kbps96;False;0,385601
513710;single bird chirp - 3;Luke100000;2021;SoDielgetic|LlenguatgeSonor|FontSonora|Postprocessament|FrequenciaDeMostratge;https://cdn.freesound.org/previews/513/513710_3211895-hq.mp3;Ambiental;Kbps192;False;0,503061
510314;Happy Bird Chirp;se2001;2020;FoleyArt|MonoStereoAmbisonic|TexturaSonora|FontSonora;https://cdn.freesound.org/previews/510/510314_8472935-hq.mp3;Natura;Kbps192;True;3,56039
607890;Bem-te-vi bird far.wav;joseneto.sound;2024;CaptacioDeCamp|SoDielgetic|AillamentAcustic|LlenguatgeSonor|PaisatgeSonor;https://cdn.freesound.org/previews/607/607890_7405868-hq.mp3;Electrònic;Kbps64;True;8,92788
607886;Bem-te-vi bird 3.wav;joseneto.sound;2018;EnvolventADSR|SoDielgetic|FoleyArt|FontSonora|LlenguatgeSonor;https://cdn.freesound.org/previews/607/607886_7405868-hq.mp3;Electrònic;Kbps128;True;1,64036
338277;bird4.wav;Andreas.Mustola;2020;PaisatgeSonor;https://cdn.freesound.org/previews/338/338277_1216015-hq.mp3;Mecànic;Kbps64;True;0,371519
519055;bird04.wav;l0vebliss;2024;EnvolventADSR;https://cdn.freesound.org/previews/519/519055_3189774-hq.mp3;Foley;Kbps192;True;3,9086
500999;Bird - Pajaro 2.ogg;Lunevix;2019;TexturaSonora|EnvolventADSR;https://cdn.freesound.org/previews/500/500999_4517415-hq.mp3;Mecànic;Kbps96;True;0,90059
500998;Bird - Pajaro 3.ogg;Lunevix;2021;FrequenciaDeMostratge|LlenguatgeSonor|FoleyArt|TexturaSonora|SoDielgetic;https://cdn.freesound.org/previews/500/500998_4517415-hq.mp3;Urbà;Kbps192;True;1,15259
510191;bird4.wav;mrmicrowv;2020;AillamentAcustic|TexturaSonora;https://cdn.freesound.org/previews/510/510191_10228144-hq.mp3;Natura;Kbps360;True;2,53277
507264;Bird Noise - 6.wav;SpaceJoe;2021;AillamentAcustic;https://cdn.freesound.org/previews/507/507264_6150892-hq.mp3;Urbà;Kbps360;True;2,75456
507254;Bird Noise - 12.wav;SpaceJoe;2019;;https://cdn.freesound.org/previews/507/507254_6150892-hq.mp3;Foley;Kbps96;True;3,80331
9328;bird tweet.aif;tigersound;2020;AillamentAcustic|FoleyArt|LlenguatgeSonor|PaisatgeSonor|SoDielgetic|FontSonora;https://cdn.freesound.org/previews/9/9328_23035-hq.mp3;Electrònic;Kbps128;True;2,21993
519060;bird06.wav;l0vebliss;2020;Postprocessament|SoDielgetic|MonoStereoAmbisonic|FrequenciaDeMostratge|AillamentAcustic;https://cdn.freesound.org/previews/519/519060_3189774-hq.mp3;Urbà;Kbps360;True;4,99748
510945;Water Birds - 5.wav;SpaceJoe;2018;FontSonora|FrequenciaDeMostratge;https://cdn.freesound.org/previews/510/510945_6150892-hq.mp3;Urbà;Kbps360;True;3,00701
519059;bird07.wav;l0vebliss;2022;FrequenciaDeMostratge|PaisatgeSonor;https://cdn.freesound.org/previews/519/519059_3189774-hq.mp3;Foley;Kbps96;True;4,48548
581315;Bird - Pajaro 4.ogg;Lunevix;2018;FoleyArt|FrequenciaDeMostratge;https://cdn.freesound.org/previews/581/581315_4517415-hq.mp3;Foley;Kbps96;True;0,905833
507265;Bird Noise - 5.wav;SpaceJoe;2019;EnvolventADSR|AillamentAcustic|PaisatgeSonor|FoleyArt|SoDielgetic;https://cdn.freesound.org/previews/507/507265_6150892-hq.mp3;Ambiental;Kbps192;True;2,17145
114445;white_bellied_go_away_bird.wav;soundbytez;2019;FrequenciaDeMostratge|CaptacioDeCamp|Postprocessament|FontSonora;https://cdn.freesound.org/previews/114/114445_1578278-hq.mp3;Natura;Kbps96;True;9,8
485963;Birds - 3.wav;SpaceJoe;2018;;https://cdn.freesound.org/previews/485/485963_6150892-hq.mp3;Electrònic;Kbps360;True;5,96753
74825;01099 tweeting bird 1.wav;Robinhood76;2020;MonoStereoAmbisonic;https://cdn.freesound.org/previews/74/74825_321967-hq.mp3;Foley;Kbps360;True;9,52884
244987;small bird;VitaminL;2023;;https://cdn.freesound.org/previews/244/244987_660090-hq.mp3;Foley;Kbps96;True;3,75
9327;bird tweet 4.aif;tigersound;2022;Postprocessament|EnvolventADSR;https://cdn.freesound.org/previews/9/9327_23035-hq.mp3;Mecànic;Kbps360;True;2,19111
517734;Bird Sound #3;danlucaz;2022;;https://cdn.freesound.org/previews/517/517734_9996727-hq.mp3;Foley;Kbps96;False;3,20937
501000;Bird - Pajaro 1.ogg;Lunevix;2024;AillamentAcustic|FontSonora|SoDielgetic|FoleyArt|PaisatgeSonor;https://cdn.freesound.org/previews/501/501000_4517415-hq.mp3;Electrònic;Kbps360;True;1,15023
467153;Bird 2.wav;dela.deb;2024;FrequenciaDeMostratge;https://cdn.freesound.org/previews/467/467153_9575381-hq.mp3;Urbà;Kbps360;True;7,10267
9326;bird tweet 3.aif;tigersound;2024;FontSonora|FrequenciaDeMostratge|FoleyArt|CaptacioDeCamp|MonoStereoAmbisonic|Postprocessament;https://cdn.freesound.org/previews/9/9326_23035-hq.mp3;Electrònic;Kbps96;True;0,940726
168437;Bird-Like-Chair-Squeak-3.flac;dland;2019;EnvolventADSR|TexturaSonora|SoDielgetic;https://cdn.freesound.org/previews/168/168437_274531-hq.mp3;Ambiental;Kbps128;False;3,22626
811844;Bird Tweet 2;Aislink;2024;SoDielgetic|EnvolventADSR|PaisatgeSonor|FontSonora;https://cdn.freesound.org/previews/811/811844_1879886-hq.mp3;Foley;Kbps128;True;3,15
519057;bird02.wav;l0vebliss;2019;EnvolventADSR;https://cdn.freesound.org/previews/519/519057_3189774-hq.mp3;Foley;Kbps360;True;5,5
513709;single bird chirp - 4;Luke100000;2023;MonoStereoAmbisonic|FrequenciaDeMostratge;https://cdn.freesound.org/previews/513/513709_3211895-hq.mp3;Urbà;Kbps64;False;0,747982
510940;Bird Honk - 1.wav;SpaceJoe;2022;FoleyArt|FrequenciaDeMostratge|CaptacioDeCamp|EnvolventADSR|FontSonora;https://cdn.freesound.org/previews/510/510940_6150892-hq.mp3;Ambiental;Kbps192;True;0,452789
737198;Unidentified bird 1;Sadiquecat;2023;LlenguatgeSonor|FoleyArt|FrequenciaDeMostratge|PaisatgeSonor;https://cdn.freesound.org/previews/737/737198_5287430-hq.mp3;Foley;Kbps128;False;0,730208
510941;Water Birds - 4.wav;SpaceJoe;2020;FontSonora;https://cdn.freesound.org/previews/510/510941_6150892-hq.mp3;Urbà;Kbps96;True;1,7763
507263;Bird Noise - 3.wav;SpaceJoe;2023;Postprocessament|MonoStereoAmbisonic|LlenguatgeSonor|EnvolventADSR|CaptacioDeCamp;https://cdn.freesound.org/previews/507/507263_6150892-hq.mp3;Ambiental;Kbps96;True;1,87553
507262;Bird Noise - 4.wav;SpaceJoe;2018;SoDielgetic;https://cdn.freesound.org/previews/507/507262_6150892-hq.mp3;Urbà;Kbps192;True;2,5804999
507260;Bird Noise - 14.wav;SpaceJoe;2022;LlenguatgeSonor;https://cdn.freesound.org/previews/507/507260_6150892-hq.mp3;Natura;Kbps128;True;3,29723
607889;Bem-te-vi bird 6.wav;joseneto.sound;2019;MonoStereoAmbisonic|FrequenciaDeMostratge;https://cdn.freesound.org/previews/607/607889_7405868-hq.mp3;Mecànic;Kbps128;True;7,41154
811845;Bird Tweet 3;Aislink;2022;;https://cdn.freesound.org/previews/811/811845_1879886-hq.mp3;Urbà;Kbps64;True;3,15
507261;Bird Noise - 13.wav;SpaceJoe;2020;TexturaSonora|EnvolventADSR|MonoStereoAmbisonic|FoleyArt;https://cdn.freesound.org/previews/507/507261_6150892-hq.mp3;Ambiental;Kbps64;True;3,52916
34207;birds_01.wav;deleted_user_229898;2024;TexturaSonora|MonoStereoAmbisonic;https://cdn.freesound.org/previews/34/34207_229898-hq.mp3;Mecànic;Kbps64;True;2,9149
19633;BBG-X01-Noise.mp3;Freed;2021;FoleyArt|FrequenciaDeMostratge|EnvolventADSR;https://cdn.freesound.org/previews/19/19633_600-hq.mp3;Foley;Kbps96;True;4,29821
733048;5286 JEL-NOTE-FART5286 JEL-NOTE-FART-PR TMc C584;The_Sample_Workshop;2024;FontSonora|FoleyArt|LlenguatgeSonor;https://cdn.freesound.org/previews/733/733048_151878-hq.mp3;Foley;Kbps360;True;1,76007
733047;5286 JEL-NOTE-FART5286 JEL-NOTE-FART-PR TMc C472;The_Sample_Workshop;2023;;https://cdn.freesound.org/previews/733/733047_151878-hq.mp3;Electrònic;Kbps96;True;1,75107
733046;5286 JEL-NOTE-FART5286 JEL-NOTE-FART-PR TMc C360;The_Sample_Workshop;2021;AillamentAcustic|EnvolventADSR|FrequenciaDeMostratge;https://cdn.freesound.org/previews/733/733046_151878-hq.mp3;Foley;Kbps128;True;1,75002
733045;5286 JEL-NOTE-FART5286 JEL-NOTE-FART-PR TMc C248;The_Sample_Workshop;2024;LlenguatgeSonor|Postprocessament|TexturaSonora|MonoStereoAmbisonic|EnvolventADSR|SoDielgetic;https://cdn.freesound.org/previews/733/733045_151878-hq.mp3;Mecànic;Kbps360;True;1,74063
733044;5286 JEL-NOTE-FART5286 JEL-NOTE-FART-PR TMc C136;The_Sample_Workshop;2019;MonoStereoAmbisonic|PaisatgeSonor|EnvolventADSR;https://cdn.freesound.org/previews/733/733044_151878-hq.mp3;Electrònic;Kbps96;True;1,7281
733043;5286 JEL-NOTE-FART5286 JEL-NOTE-FART-PR TMc C024;The_Sample_Workshop;2021;TexturaSonora|PaisatgeSonor|CaptacioDeCamp|FrequenciaDeMostratge|FontSonora|AillamentAcustic;https://cdn.freesound.org/previews/733/733043_151878-hq.mp3;Mecànic;Kbps192;True;1,7241
733042;5286 JEL-NOTE-FART5286 JEL-NOTE-FART-PR TMc C-112;The_Sample_Workshop;2023;LlenguatgeSonor|FoleyArt;https://cdn.freesound.org/previews/733/733042_151878-hq.mp3;Electrònic;Kbps64;True;1,7249
733041;5286 JEL-NOTE-FART5286 JEL-NOTE-FART-PR TMc A7117;The_Sample_Workshop;2018;Postprocessament|AillamentAcustic|LlenguatgeSonor|PaisatgeSonor|TexturaSonora|FoleyArt;https://cdn.freesound.org/previews/733/733041_151878-hq.mp3;Mecànic;Kbps128;True;1,75946
733040;5286 JEL-NOTE-FART5286 JEL-NOTE-FART-PR TMc A6105;The_Sample_Workshop;2020;FoleyArt|FontSonora;https://cdn.freesound.org/previews/733/733040_151878-hq.mp3;Electrònic;Kbps360;True;1,75594
733039;5286 JEL-NOTE-FART5286 JEL-NOTE-FART-PR TMc A593;The_Sample_Workshop;2022;LlenguatgeSonor|CaptacioDeCamp|AillamentAcustic|MonoStereoAmbisonic|TexturaSonora;https://cdn.freesound.org/previews/733/733039_151878-hq.mp3;Mecànic;Kbps96;True;1,75984
733038;5286 JEL-NOTE-FART5286 JEL-NOTE-FART-PR TMc A481;The_Sample_Workshop;2024;AillamentAcustic|FoleyArt;https://cdn.freesound.org/previews/733/733038_151878-hq.mp3;Electrònic;Kbps128;True;1,75694
733037;5286 JEL-NOTE-FART5286 JEL-NOTE-FART-PR TMc A369;The_Sample_Workshop;2019;FontSonora|Postprocessament|SoDielgetic|FrequenciaDeMostratge|MonoStereoAmbisonic;https://cdn.freesound.org/previews/733/733037_151878-hq.mp3;Ambiental;Kbps360;True;1,76066
733036;5286 JEL-NOTE-FART5286 JEL-NOTE-FART-PR TMc A257;The_Sample_Workshop;2021;LlenguatgeSonor|MonoStereoAmbisonic;https://cdn.freesound.org/previews/733/733036_151878-hq.mp3;Urbà;Kbps96;True;1,7537
733035;5286 JEL-NOTE-FART5286 JEL-NOTE-FART-PR TMc A145;The_Sample_Workshop;2024;EnvolventADSR|SoDielgetic|PaisatgeSonor|LlenguatgeSonor|TexturaSonora;https://cdn.freesound.org/previews/733/733035_151878-hq.mp3;Ambiental;Kbps192;True;1,74499
733034;5286 JEL-NOTE-FART5286 JEL-NOTE-FART-PR TMc A033;The_Sample_Workshop;2019;FoleyArt;https://cdn.freesound.org/previews/733/733034_151878-hq.mp3;Urbà;Kbps64;True;1,73295
733033;5286 JEL-NOTE-FART5286 JEL-NOTE-FART-PR TMc A-29;The_Sample_Workshop;2021;TexturaSonora|FontSonora|EnvolventADSR|SoDielgetic|FrequenciaDeMostratge;https://cdn.freesound.org/previews/733/733033_151878-hq.mp3;Ambiental;Kbps128;True;1,72472
733032;5286 JEL-NOTE-FART5286 JEL-NOTE-FART-PR TMc A-121;The_Sample_Workshop;2023;CaptacioDeCamp;https://cdn.freesound.org/previews/733/733032_151878-hq.mp3;Urbà;Kbps360;True;1,74612
338893;expressional fart.mp3;Fartmaster666;2024;;https://cdn.freesound.org/previews/338/338893_6029415-hq.mp3;Urbà;Kbps360;True;4,20571
338892;long wet fart.mp3;Fartmaster666;2023;CaptacioDeCamp|MonoStereoAmbisonic|EnvolventADSR;https://cdn.freesound.org/previews/338/338892_6029415-hq.mp3;Ambiental;Kbps64;True;6,03429
456555;Land Fart.wav;Fartmaster666;2022;TexturaSonora|EnvolventADSR|FontSonora|MonoStereoAmbisonic;https://cdn.freesound.org/previews/456/456555_6029415-hq.mp3;Foley;Kbps64;True;6,66669
456552;Endurance Fart.wav;Fartmaster666;2018;;https://cdn.freesound.org/previews/456/456552_6029415-hq.mp3;Ambiental;Kbps96;True;5,33336
456550;Fart with some Shit.wav;Fartmaster666;2023;;https://cdn.freesound.org/previews/456/456550_6029415-hq.mp3;Natura;Kbps360;True;5,33336
338898;wet fart.mp3;Fartmaster666;2018;Postprocessament|FoleyArt|MonoStereoAmbisonic|AillamentAcustic;https://cdn.freesound.org/previews/338/338898_6029415-hq.mp3;Mecànic;Kbps360;True;4,20571
456551;Fart Explosion.wav;Fartmaster666;2023;LlenguatgeSonor|FrequenciaDeMostratge|FontSonora;https://cdn.freesound.org/previews/456/456551_6029415-hq.mp3;Foley;Kbps192;True;5,33336
456543;Real Need Of Shit Fart.wav;Fartmaster666;2019;MonoStereoAmbisonic|CaptacioDeCamp;https://cdn.freesound.org/previews/456/456543_6029415-hq.mp3;Electrònic;Kbps192;True;5,33336
456549;Fatal Fart.wav;Fartmaster666;2021;TexturaSonora|MonoStereoAmbisonic|EnvolventADSR;https://cdn.freesound.org/previews/456/456549_6029415-hq.mp3;Electrònic;Kbps128;True;5,33336
733059;5286 JEL-NOTE-FART5286 JEL-NOTE-FART-PR TMc D#699;The_Sample_Workshop;2022;TexturaSonora|PaisatgeSonor;https://cdn.freesound.org/previews/733/733059_151878-hq.mp3;Urbà;Kbps192;True;1,7632
733058;5286 JEL-NOTE-FART5286 JEL-NOTE-FART-PR TMc D#587;The_Sample_Workshop;2024;LlenguatgeSonor|FoleyArt|MonoStereoAmbisonic|PaisatgeSonor|Postprocessament;https://cdn.freesound.org/previews/733/733058_151878-hq.mp3;Ambiental;Kbps64;True;1,76222
456558;Liquid Destiny Fart.wav;Fartmaster666;2023;TexturaSonora;https://cdn.freesound.org/previews/456/456558_6029415-hq.mp3;Urbà;Kbps64;True;5,33336
456548;Sneaky Slight Fart.wav;Fartmaster666;2023;LlenguatgeSonor|Postprocessament|EnvolventADSR|FontSonora|SoDielgetic|TexturaSonora;https://cdn.freesound.org/previews/456/456548_6029415-hq.mp3;Mecànic;Kbps192;True;4,33336
733061;5286 JEL-NOTE-FART5286 JEL-NOTE-FART-PR TMc F#-118;The_Sample_Workshop;2018;LlenguatgeSonor|FrequenciaDeMostratge;https://cdn.freesound.org/previews/733/733061_151878-hq.mp3;Urbà;Kbps360;True;1,73472
456535;Contaminated Beer Fart.wav;Fartmaster666;2022;MonoStereoAmbisonic;https://cdn.freesound.org/previews/456/456535_6029415-hq.mp3;Urbà;Kbps192;True;5,00002
456534;Cripple Fart.wav;Fartmaster666;2024;SoDielgetic|Postprocessament|CaptacioDeCamp|LlenguatgeSonor;https://cdn.freesound.org/previews/456/456534_6029415-hq.mp3;Ambiental;Kbps64;True;5,66669
733060;5286 JEL-NOTE-FART5286 JEL-NOTE-FART-PR TMc D#7111;The_Sample_Workshop;2020;FrequenciaDeMostratge|PaisatgeSonor|FoleyArt|CaptacioDeCamp|EnvolventADSR;https://cdn.freesound.org/previews/733/733060_151878-hq.mp3;Ambiental;Kbps96;True;1,75891
456531;Airsong Fart.wav;Fartmaster666;2021;;https://cdn.freesound.org/previews/456/456531_6029415-hq.mp3;Foley;Kbps360;True;5,33336
456533;Deep Fart.wav;Fartmaster666;2023;;https://cdn.freesound.org/previews/456/456533_6029415-hq.mp3;Natura;Kbps96;True;8,0000199
456556;High Hitter Fart.wav;Fartmaster666;2024;;https://cdn.freesound.org/previews/456/456556_6029415-hq.mp3;Mecànic;Kbps96;True;5,33336
456546;Squishy Fart.wav;Fartmaster666;2020;FrequenciaDeMostratge|PaisatgeSonor|MonoStereoAmbisonic|EnvolventADSR|AillamentAcustic|SoDielgetic;https://cdn.freesound.org/previews/456/456546_6029415-hq.mp3;Mecànic;Kbps128;True;2,66669
456545;Songlike Fart.wav;Fartmaster666;2022;AillamentAcustic|PaisatgeSonor;https://cdn.freesound.org/previews/456/456545_6029415-hq.mp3;Electrònic;Kbps360;True;5,00002
456544;Scared Fart.wav;Fartmaster666;2024;AillamentAcustic|FontSonora|LlenguatgeSonor|EnvolventADSR|CaptacioDeCamp|PaisatgeSonor;https://cdn.freesound.org/previews/456/456544_6029415-hq.mp3;Mecànic;Kbps96;True;5,33336
456542;Shitdrop Fart.wav;Fartmaster666;2021;TexturaSonora|FrequenciaDeMostratge|Postprocessament|EnvolventADSR|FoleyArt;https://cdn.freesound.org/previews/456/456542_6029415-hq.mp3;Mecànic;Kbps64;True;6,66669
733057;5286 JEL-NOTE-FART5286 JEL-NOTE-FART-PR TMc D#475;The_Sample_Workshop;2019;SoDielgetic;https://cdn.freesound.org/previews/733/733057_151878-hq.mp3;Urbà;Kbps128;True;1,75882
733054;5286 JEL-NOTE-FART5286 JEL-NOTE-FART-PR TMc D#139;The_Sample_Workshop;2019;FoleyArt|Postprocessament|LlenguatgeSonor|CaptacioDeCamp;https://cdn.freesound.org/previews/733/733054_151878-hq.mp3;Ambiental;Kbps128;True;1,7427
456529;Cannonball Fart.wav;Fartmaster666;2018;;https://cdn.freesound.org/previews/456/456529_6029415-hq.mp3;Mecànic;Kbps128;True;6,66669
733056;5286 JEL-NOTE-FART5286 JEL-NOTE-FART-PR TMc D#363;The_Sample_Workshop;2021;FontSonora|CaptacioDeCamp|TexturaSonora|FrequenciaDeMostratge|FoleyArt;https://cdn.freesound.org/previews/733/733056_151878-hq.mp3;Ambiental;Kbps360;True;1,74753
733052;5286 JEL-NOTE-FART5286 JEL-NOTE-FART-PR TMc D#-115;The_Sample_Workshop;2023;MonoStereoAmbisonic|LlenguatgeSonor|FontSonora|PaisatgeSonor;https://cdn.freesound.org/previews/733/733052_151878-hq.mp3;Foley;Kbps96;True;1,74311
456528;Classic Scream Fart.wav;Fartmaster666;2023;EnvolventADSR|AillamentAcustic|FrequenciaDeMostratge;https://cdn.freesound.org/previews/456/456528_6029415-hq.mp3;Foley;Kbps96;True;4,00002
733053;5286 JEL-NOTE-FART5286 JEL-NOTE-FART-PR TMc D#027;The_Sample_Workshop;2021;TexturaSonora;https://cdn.freesound.org/previews/733/733053_151878-hq.mp3;Natura;Kbps360;True;1,74249
419108;Melodic Fart;Fartmaster666;2023;SoDielgetic|PaisatgeSonor;https://cdn.freesound.org/previews/419/419108_6029415-hq.mp3;Foley;Kbps192;True;3,99404
419107;Juicy Fart;Fartmaster666;2018;EnvolventADSR|LlenguatgeSonor|FontSonora|PaisatgeSonor|Postprocessament;https://cdn.freesound.org/previews/419/419107_6029415-hq.mp3;Natura;Kbps64;True;5,33336
419102;Singing Fart;Fartmaster666;2022;TexturaSonora;https://cdn.freesound.org/previews/419/419102_6029415-hq.mp3;Electrònic;Kbps360;True;4,73252
419099;Swaggy Fart;Fartmaster666;2021;SoDielgetic|Postprocessament|PaisatgeSonor|CaptacioDeCamp;https://cdn.freesound.org/previews/419/419099_6029415-hq.mp3;Mecànic;Kbps64;True;5,64782
338891;loud fart.mp3;Fartmaster666;2019;SoDielgetic|FrequenciaDeMostratge|AillamentAcustic|TexturaSonora|Postprocessament|LlenguatgeSonor;https://cdn.freesound.org/previews/338/338891_6029415-hq.mp3;Urbà;Kbps128;True;3,6049
419100;Celebration Fart;Fartmaster666;2019;FontSonora;https://cdn.freesound.org/previews/419/419100_6029415-hq.mp3;Electrònic;Kbps192;True;4,66669
419098;Barking Fart;Fartmaster666;2019;;https://cdn.freesound.org/previews/419/419098_6029415-hq.mp3;Mecànic;Kbps64;True;4,00002
338890;nice fart.mp3;Fartmaster666;2021;EnvolventADSR|FrequenciaDeMostratge|FoleyArt;https://cdn.freesound.org/previews/338/338890_6029415-hq.mp3;Ambiental;Kbps360;True;3,6049
733051;5286 JEL-NOTE-FART5286 JEL-NOTE-FART-PR TMc C8120;The_Sample_Workshop;2022;;https://cdn.freesound.org/previews/733/733051_151878-hq.mp3;Foley;Kbps64;True;1,76499
733050;5286 JEL-NOTE-FART5286 JEL-NOTE-FART-PR TMc C7108;The_Sample_Workshop;2020;Postprocessament|FoleyArt|MonoStereoAmbisonic|CaptacioDeCamp;https://cdn.freesound.org/previews/733/733050_151878-hq.mp3;Foley;Kbps64;True;1,7561
419105;Brutal Fart;Fartmaster666;2022;CaptacioDeCamp|TexturaSonora|EnvolventADSR|AillamentAcustic|PaisatgeSonor;https://cdn.freesound.org/previews/419/419105_6029415-hq.mp3;Natura;Kbps360;True;4,10846
456557;Long Midrange Fart.wav;Fartmaster666;2018;Postprocessament|CaptacioDeCamp|MonoStereoAmbisonic|EnvolventADSR;https://cdn.freesound.org/previews/456/456557_6029415-hq.mp3;Foley;Kbps128;True;5,00002
733055;5286 JEL-NOTE-FART5286 JEL-NOTE-FART-PR TMc D#251;The_Sample_Workshop;2024;LlenguatgeSonor;https://cdn.freesound.org/previews/733/733055_151878-hq.mp3;Urbà;Kbps64;True;1,74925
456539;Super Moist Fart.wav;Fartmaster666;2021;TexturaSonora;https://cdn.freesound.org/previews/456/456539_6029415-hq.mp3;Urbà;Kbps64;True;4,33336
456536;Ecstasy Fart.wav;Fartmaster666;2020;AillamentAcustic|FontSonora|PaisatgeSonor|MonoStereoAmbisonic;https://cdn.freesound.org/previews/456/456536_6029415-hq.mp3;Ambiental;Kbps96;True;4,66669
456530;Beer Shit Farting.wav;Fartmaster666;2018;Postprocessament|PaisatgeSonor|MonoStereoAmbisonic;https://cdn.freesound.org/previews/456/456530_6029415-hq.mp3;Foley;Kbps128;True;4,66669
260961;fart5.wav;smokevhstapes;2020;AillamentAcustic|FontSonora;https://cdn.freesound.org/previews/260/260961_3284785-hq.mp3;Ambiental;Kbps192;True;3,81456
260958;fart2.wav;smokevhstapes;2019;FoleyArt|FontSonora|EnvolventADSR|Postprocessament|PaisatgeSonor;https://cdn.freesound.org/previews/260/260958_3284785-hq.mp3;Urbà;Kbps192;True;3,56361
803696;25 - fart;anndszjuvupftbim;2021;MonoStereoAmbisonic|CaptacioDeCamp|FoleyArt|SoDielgetic|LlenguatgeSonor|EnvolventADSR;https://cdn.freesound.org/previews/803/803696_7895129-hq.mp3;Foley;Kbps360;True;0,391083
803562;03 - fart;anndszjuvupftbim;2023;AillamentAcustic|LlenguatgeSonor|FrequenciaDeMostratge|SoDielgetic|PaisatgeSonor;https://cdn.freesound.org/previews/803/803562_7895129-hq.mp3;Mecànic;Kbps96;True;0,782792
266450;Chair Fart;Ezcah;2021;MonoStereoAmbisonic|TexturaSonora|FontSonora|CaptacioDeCamp|FoleyArt|AillamentAcustic;https://cdn.freesound.org/previews/266/266450_1900515-hq.mp3;Electrònic;Kbps192;True;2,7419699
419097;Ultra Bass Fart;Fartmaster666;2018;SoDielgetic|AillamentAcustic|LlenguatgeSonor|PaisatgeSonor;https://cdn.freesound.org/previews/419/419097_6029415-hq.mp3;Mecànic;Kbps360;True;5,4502
253853;Fart40.wav;Jagadamba;2024;CaptacioDeCamp|PaisatgeSonor|LlenguatgeSonor|Postprocessament|EnvolventADSR|SoDielgetic;https://cdn.freesound.org/previews/253/253853_4062622-hq.mp3;Ambiental;Kbps128;False;0,795374
253851;Fart54.wav;Jagadamba;2021;FontSonora|MonoStereoAmbisonic|FrequenciaDeMostratge|EnvolventADSR|PaisatgeSonor|CaptacioDeCamp;https://cdn.freesound.org/previews/253/253851_4062622-hq.mp3;Ambiental;Kbps96;False;0,99576
253848;Fart 21.wav;Jagadamba;2021;MonoStereoAmbisonic|FoleyArt;https://cdn.freesound.org/previews/253/253848_4062622-hq.mp3;Urbà;Kbps128;False;1,4605
253847;Fart 55.wav;Jagadamba;2023;LlenguatgeSonor|AillamentAcustic|FontSonora|CaptacioDeCamp|FrequenciaDeMostratge;https://cdn.freesound.org/previews/253/253847_4062622-hq.mp3;Ambiental;Kbps192;False;0,33898
253844;Fart 17.wav;Jagadamba;2022;FoleyArt;https://cdn.freesound.org/previews/253/253844_4062622-hq.mp3;Natura;Kbps360;False;0,505261
253840;Fart 13.wav;Jagadamba;2023;FoleyArt;https://cdn.freesound.org/previews/253/253840_4062622-hq.mp3;Natura;Kbps128;False;0,380204
253838;Fart 14.wav;Jagadamba;2021;;https://cdn.freesound.org/previews/253/253838_4062622-hq.mp3;Foley;Kbps128;False;0,306327
253836;Fart 51.wav;Jagadamba;2018;;https://cdn.freesound.org/previews/253/253836_4062622-hq.mp3;Natura;Kbps64;False;0,40873
253835;Fart 50.wav;Jagadamba;2020;EnvolventADSR|Postprocessament|MonoStereoAmbisonic;https://cdn.freesound.org/previews/253/253835_4062622-hq.mp3;Electrònic;Kbps96;False;0,62644
253833;Fart 45.wav;Jagadamba;2024;CaptacioDeCamp|EnvolventADSR|AillamentAcustic;https://cdn.freesound.org/previews/253/253833_4062622-hq.mp3;Electrònic;Kbps64;False;0,250544
253830;Fart 52.wav;Jagadamba;2023;PaisatgeSonor|SoDielgetic|Postprocessament|CaptacioDeCamp|LlenguatgeSonor|MonoStereoAmbisonic;https://cdn.freesound.org/previews/253/253830_4062622-hq.mp3;Mecànic;Kbps64;False;1,51179
253827;Fart Combo.wav;Jagadamba;2023;FrequenciaDeMostratge|MonoStereoAmbisonic;https://cdn.freesound.org/previews/253/253827_4062622-hq.mp3;Urbà;Kbps96;False;2,78057
650673;WAV Fart Vegan 030.wav;frenkfurth;2023;AillamentAcustic|FrequenciaDeMostratge|PaisatgeSonor|Postprocessament|SoDielgetic;https://cdn.freesound.org/previews/650/650673_13558226-hq.mp3;Foley;Kbps360;True;6,36011
650672;WAV Fart Vegan 025.wav;frenkfurth;2018;CaptacioDeCamp;https://cdn.freesound.org/previews/650/650672_13558226-hq.mp3;Natura;Kbps96;True;4,33298
650671;WAV Fart Vegan 026.wav;frenkfurth;2020;LlenguatgeSonor|SoDielgetic|FontSonora|PaisatgeSonor|FrequenciaDeMostratge;https://cdn.freesound.org/previews/650/650671_13558226-hq.mp3;Electrònic;Kbps192;True;4,21298
650670;WAV Fart Vegan 027.wav;frenkfurth;2022;TexturaSonora;https://cdn.freesound.org/previews/650/650670_13558226-hq.mp3;Mecànic;Kbps64;True;1,25342
650669;WAV Fart Vegan 028.wav;frenkfurth;2024;FontSonora|Postprocessament|MonoStereoAmbisonic|CaptacioDeCamp;https://cdn.freesound.org/previews/650/650669_13558226-hq.mp3;Electrònic;Kbps128;True;3,31108
650668;WAV Fart Vegan 021.wav;frenkfurth;2019;LlenguatgeSonor;https://cdn.freesound.org/previews/650/650668_13558226-hq.mp3;Mecànic;Kbps192;True;2,92192
650666;WAV Fart Vegan 023.wav;frenkfurth;2021;;https://cdn.freesound.org/previews/650/650666_13558226-hq.mp3;Electrònic;Kbps192;True;4,44313
650665;WAV Fart Vegan 024.wav;frenkfurth;2019;Postprocessament|CaptacioDeCamp|FontSonora|AillamentAcustic;https://cdn.freesound.org/previews/650/650665_13558226-hq.mp3;Electrònic;Kbps360;True;2,10413
650664;WAV Fart Vegan 019.wav;frenkfurth;2018;;https://cdn.freesound.org/previews/650/650664_13558226-hq.mp3;Ambiental;Kbps64;True;6,22898
650663;WAV Fart Vegan 020.wav;frenkfurth;2023;EnvolventADSR|TexturaSonora|CaptacioDeCamp;https://cdn.freesound.org/previews/650/650663_13558226-hq.mp3;Urbà;Kbps192;True;7,22392
650662;WAV Fart Vegan 015.wav;frenkfurth;2022;;https://cdn.freesound.org/previews/650/650662_13558226-hq.mp3;Natura;Kbps192;True;3,61902
650661;WAV Fart Vegan 016.wav;frenkfurth;2020;FontSonora|LlenguatgeSonor|MonoStereoAmbisonic;https://cdn.freesound.org/previews/650/650661_13558226-hq.mp3;Urbà;Kbps128;True;3,828
650660;WAV Fart Vegan 017.wav;frenkfurth;2022;Postprocessament|TexturaSonora|FrequenciaDeMostratge|FontSonora|FoleyArt|SoDielgetic;https://cdn.freesound.org/previews/650/650660_13558226-hq.mp3;Ambiental;Kbps192;True;3,43481
650659;WAV Fart Vegan 018.wav;frenkfurth;2024;SoDielgetic|PaisatgeSonor|FrequenciaDeMostratge;https://cdn.freesound.org/previews/650/650659_13558226-hq.mp3;Urbà;Kbps64;True;2,52188
650658;WAV Fart Vegan 011.wav;frenkfurth;2019;EnvolventADSR|MonoStereoAmbisonic|PaisatgeSonor|LlenguatgeSonor|AillamentAcustic|FoleyArt;https://cdn.freesound.org/previews/650/650658_13558226-hq.mp3;Ambiental;Kbps128;True;4,92535
650657;WAV Fart Vegan 012.wav;frenkfurth;2022;AillamentAcustic|SoDielgetic;https://cdn.freesound.org/previews/650/650657_13558226-hq.mp3;Urbà;Kbps360;True;4,99005
650656;WAV Fart Vegan 013.wav;frenkfurth;2024;Postprocessament|EnvolventADSR|MonoStereoAmbisonic|CaptacioDeCamp|FoleyArt|PaisatgeSonor;https://cdn.freesound.org/previews/650/650656_13558226-hq.mp3;Ambiental;Kbps96;True;1,78349
650655;WAV Fart Vegan 014.wav;frenkfurth;2019;MonoStereoAmbisonic|LlenguatgeSonor;https://cdn.freesound.org/previews/650/650655_13558226-hq.mp3;Natura;Kbps192;True;5,87802
